IncidentName,FireDiscoveryDateTime,DiscoveryAcres,FinalAcres,IncidentSize,InitialLatitude,InitialLongitude,POOCounty,POOState,FireCause,FireBehaviorGeneral,FireMgmtComplexity,PredominantFuelModel,PredominantFuelGroup,EstimatedCostToDate,EstimatedFinalCost,PercentContained,terrain_slope_pct,road_distance_km,terrain_enriched
BOLT CREEK,1662820500000,14820.0,,14820.0,47.75788,-121.3085,King,US-WA,Human,Minimal,Type 3 Incident,,,14565000.0,16000000.0,80.0,39.2,,1.0
BURDOIN,1752874140000,1258.0,,10675.0,45.775303,-121.27009,Klickitat,US-WA,Human,Minimal,,,,19195106.0,,95.0,6.2,,1.0
THORP ROAD,1720189869000,1000.0,,2112.0,46.527678,-120.44864,Yakima,US-WA,Human,Minimal,,,,500000.0,,90.0,17.8,,1.0
SAWMILL CREEK,1504578600000,500.0,,1061.0,47.17772,-121.425,King,US-WA,Human,Active,Type 1 Incident,,,4500000.0,,99.0,32.7,,1.0
MCEWAN,1688504820000,210.0,,250.0,47.26518,-123.0563,Mason,US-WA,Undetermined,Minimal,Type 3 Incident,,,1850000.0,,85.0,2.7,,1.0
SAND SPRING,1532285447000,200.0,,200.0,45.75675,-120.3985,Klickitat,US-WA,Human,,,,,,,,5.6,,1.0
SILVER  DOLLAR,1499027640000,200.0,,30974.0,45.73207,-121.5176,Yakima,US-WA,Undetermined,Minimal,Type 4 Incident,,,1100000.0,,100.0,12.0,,1.0
DOUGHTY,1753835880000,200.0,,200.0,45.742338,-120.398385,Klickitat,US-WA,Undetermined,,,,,,,,2.4,,1.0
Wishram,1438718178000,178.0,,178.0,45.666401,-120.939796,Klickitat,US-WA,Human,,,,,,,,24.0,,1.0
FRUIT VALLEY,1599601688000,166.0,,166.0,45.64606,-122.7031,Clark,US-WA,Human,,,,,,,,1.3,,1.0
MOUNTS RD,1691941478000,150.0,,150.0,47.01722,-122.6181,Pierce,US-WA,Undetermined,,,,,,,,1.2,,1.0
BOHOSKEY,1724104560000,150.0,,200.0,46.628075,-120.393526,Yakima,US-WA,Undetermined,,,,,,,,18.3,,1.0
ELBOW,1661884800000,107.0,,55.0,48.91423,-120.9062,Whatcom,US-WA,Undetermined,Minimal,Type 1 Incident,,,0.0,10000.0,0.0,42.0,,1.0
MARYHILL,1499209646000,100.0,,20.0,45.67447,-120.854,Klickitat,US-WA,Undetermined,,,,,,,,12.7,,1.0
LOOPS,1537049422000,100.0,,150.0,45.71495,-120.7921,Klickitat,US-WA,Unknown,,,,,,,,12.7,,1.0
BLACK HOLE,1665956820000,100.0,,323.25,45.97536,-122.2359,Skamania,US-WA,Undetermined,Minimal,Type 3 Incident,,,300000.0,,25.0,22.9,0.64,1.0
PARKE CREEK,1567027040000,100.0,,100.0,46.97866,-120.3368,Kittitas,US-WA,Unknown,,,,,,,,9.2,0.49,1.0
KONNOWAC,1596497820000,100.0,,1083.0,46.51312,-120.3651,Yakima,US-WA,Unknown,Minimal,Type 4 Incident,,,300000.0,,99.0,6.7,0.21,1.0
Riley,1436478360000,100.0,,65.0,46.232399,-121.582199,Skamania,US-WA,Natural,,,,,2315096.0,,100.0,13.8,0.85,1.0
Cougar Creek,1439267308000,100.0,,53523.0,45.7763,-121.2674,Yakima,US-WA,Undetermined,,,,,,,,6.1,0.3,1.0
NEWELL GRADE,1530205860000,100.0,,227.8,45.83027,-120.3777,Klickitat,US-WA,Unknown,Minimal,Type 3 Incident,,,250000.0,,100.0,6.9,0.24,1.0
Dalles Mountain,1465286400000,100.0,,55.0,45.64502,-121.1039,Klickitat,US-WA,Human,,,,,,,,8.0,0.19,1.0
SADDLE MOUNTAIN,1686094500000,100.0,,619.0,45.700541,-120.81262,Franklin,US-WA,Human,Minimal,Type 4 Incident,,,40000.0,,25.0,15.6,0.38,1.0
KNIGHT,1689286500000,100.0,,128.0,45.875376,-120.874597,Klickitat,US-WA,Undetermined,,,,,,,,4.0,0.49,1.0
NEWELL ROAD,1689978900000,100.0,,60551.0,45.830956,-120.458913,Klickitat,US-WA,Undetermined,Minimal,Type 2 Incident,,,8895351.0,9900000.0,100.0,9.2,2.16,1.0
SOUTH SLOPE,1694546460000,100.0,,341.0,46.750129,-120.45663,Yakima,US-WA,Undetermined,Minimal,Type 4 Incident,,,800000.0,1500000.0,100.0,24.7,0.36,1.0
NUMBER TWO,1719185880000,100.0,,25.0,47.425902,-120.361233,Chelan,US-WA,Human,,,,,,,,19.4,0.13,1.0
MARBLE,1719874234000,100.0,,228.0,46.614141,-120.688263,Yakima,US-WA,Human,,,,,,,,8.2,0.15,1.0
EASY,1721271300000,100.0,,2130.0,48.592406,-120.833515,Skagit,US-WA,Natural,Minimal,,,,13805000.0,15000000.0,100.0,43.2,1.61,1.0
BLACK CANYON,1721701283000,100.0,,9211.0,46.859273,-120.753257,Yakima,US-WA,Human,Minimal,,,,1941030.0,4500000.0,100.0,8.2,0.69,1.0
HUCKLEBERRY RIDGE,1725490020000,100.0,,300.0,46.40576,-123.284966,Lewis,US-WA,Natural,Minimal,,,,6293045.0,,100.0,15.3,0.45,1.0
MILLER ISLAND,1729119137000,100.0,,300.0,45.645893,-120.906429,Klickitat,US-WA,Human,Minimal,,,,50000.0,,100.0,4.5,0.84,1.0
HWY 104,1509325607000,80.0,,80.0,48.04095,-124.1811,Clallam,US-WA,Human,,,,,,,,19.7,0.76,1.0
MEADOW CREEK,1465071600000,80.0,,67.0,47.88733,-120.7156,Chelan,US-WA,Human,,,,,,,,10.1,0.44,1.0
BOHOSKEY,1657247149000,75.0,,75.0,46.62155,-120.4042,Yakima,US-WA,Undetermined,,,,,,,,15.0,0.14,1.0
SCORPION COULEE ,1530939600000,75.0,,148.0,46.84404,-120.4615,Kittitas,US-WA,Human,,,,,,,,20.3,0.12,1.0
MILLER ISLAND,1563935220000,75.0,,900.0,45.6503,-120.9017,Klickitat,US-WA,Natural,Minimal,Type 4 Incident,,,5000.0,,100.0,8.0,1.05,1.0
SELAH CLIFFS,1688541900000,75.0,,102.8,46.706277,-120.472463,Yakima,US-WA,Human,,,,,,,,7.3,0.01,1.0
SHEEP COMPANY,1720255380000,75.0,,330.0,46.75917,-120.551091,Yakima,US-WA,Human,Active,,,,10000.0,,100.0,6.2,0.09,1.0
PORTER CREEK,1587005100000,70.0,,67.5,48.78607,-122.0828,Whatcom,US-WA,Human,,,,,,,,36.6,0.42,1.0
MARYHILL LOOPS,1749417742000,70.0,,300.0,45.729655,-120.812948,Klickitat,US-WA,Undetermined,,,,,,,,15.2,0.18,1.0
TWO YEARS OUT RX,1730397938000,68.0,,68.0,46.349005,-123.228634,Wahkiakum,US-WA,Undetermined,,,,,,,,15.2,0.09,1.0
1440,1607113896000,65.0,,65.0,46.11896,-122.4627,Cowlitz,US-WA,Human,,,,,,,,25.7,0.35,1.0
ROSY OWL CLOVER RX,1745445369000,62.7,,62.7,46.052022,-121.249944,Yakima,US-WA,Undetermined,,,,,,,,6.8,0.2,1.0
KINGS LANDING,1531780860000,62.0,,62.0,47.23489,-122.9833,Mason,US-WA,Unknown,,,,,,,,3.2,0.29,1.0
HENDERSON SPRING,1662751012000,60.0,,500.0,45.69583,-120.8158,Klickitat,US-WA,Undetermined,,,,,,,,14.0,0.16,1.0
YAKSUM,1723956240000,60.0,,23.0,47.4582,-120.4753,Chelan,US-WA,Natural,,,,,,,,24.6,1.03,1.0
Little Fork,1534556820000,53.0,,200.0,48.96077,-121.4443,Whatcom,US-WA,Natural,Minimal,Type 5 Incident,,,25000.0,,0.0,45.5,3.11,1.0
Red Creek,1439425470000,52.0,,143.0,48.0492,-121.2106,Snohomish,US-WA,Natural,,,,,,,,46.1,0.83,1.0
MINNOW RIDGE,1662760740000,50.0,,5350.0,47.96355,-120.6849,Chelan,US-WA,Natural,Minimal,Type 5 Incident,,,20000.0,500000.0,100.0,23.5,1.56,1.0
COTTONWOOD,1526256322000,50.0,,91.0,46.76826,-120.5707,Yakima,US-WA,Human,,,,,,,,6.1,0.3,1.0
Horseshoe,1435965180000,50.0,,340.0,46.2048,-121.592697,Skamania,US-WA,Human,,Type 2 Incident,,,2300000.0,,100.0,13.3,0.14,1.0
MP 162,1471573560000,50.0,,50.0,45.86057,-121.3962,Benton,US-WA,Human,,,,,,,,15.6,0.52,1.0
HAYWARD FIRING RANGE,1473197100000,50.0,,167.0,47.12607,-120.7159,Kittitas,US-WA,Human,,,,,,,,10.3,0.13,1.0
PLEASANT VALLEY,1621195129000,50.0,,50.0,46.69366,-120.6139,Yakima,US-WA,Undetermined,,,,,,,,6.9,0.35,1.0
OA-WENAS GRADE,1692368704000,50.0,,50.0,46.745875,-120.668371,Yakima,US-WA,Human,,,,,,,,6.5,0.51,1.0
BALSAM ROOT,1720180080000,50.0,,305.0,47.460396,-120.356705,Chelan,US-WA,Human,Minimal,,,,446859.0,,100.0,10.6,0.18,1.0
LUNA,1721237611000,50.0,,149.0,45.838487,-120.676661,Klickitat,US-WA,Human,,,,,,,,4.4,0.16,1.0
KELLY LANE,1727285460000,50.0,,4000.0,46.632356,-120.37819,Yakima,US-WA,Human,,,,,,,,14.3,0.28,1.0
COZY NOOK,1730923981000,50.0,,37.0,45.875205,-120.770704,Klickitat,US-WA,Human,,,,,,,,4.9,0.25,1.0
ROWE HILL,1751233629000,50.0,,50.0,46.699443,-120.643559,Yakima,US-WA,Human,,,,,,,,12.3,0.11,1.0
HARPER SPRING,1757547780000,50.0,,26.4,45.860115,-120.60401,Klickitat,US-WA,Human,,,,,,,,4.5,0.39,1.0
TOKUL,1500135120000,46.0,,46.0,47.59347,-121.8328,King,US-WA,Human,,,,,,,,3.1,0.06,1.0
CEMETERY,1502418749000,45.0,,45.0,45.62913,-121.1461,Klickitat,US-WA,Undetermined,,,,,,,,2.0,0.09,1.0
Bunnel Springs,1471148564000,45.0,,24.0,45.675,-120.9996,Klickitat,US-WA,Human,,,,,,,,19.8,1.16,1.0
REST HAVEN,1717114260000,45.0,,45.0,46.618872,-120.484394,Yakima,US-WA,Human,,,,,,,,7.7,0.05,1.0
KAMILCHE PT RD,1684023387000,41.0,,41.0,47.14212,-123.06,Mason,US-WA,Human,,,,,,,,5.2,0.09,1.0
Smithville,1443750752000,40.0,,,45.6436,-121.1251,Klickitat,US-WA,Undetermined,,,,,,,,6.3,0.73,1.0
MINERAL,1625884080000,40.0,,25.0,46.72215,-122.2057,Lewis,US-WA,Undetermined,,,,,,,,14.3,0.48,1.0
PARK CREEK - MSF/NPS LIGHTNING STRIKES,1529535581000,40.0,,40.0,48.65994,-121.6712,Whatcom,US-WA,Unknown,,,,,,,,25.0,0.27,1.0
STANDARD ROAD,1552950278000,40.0,,15.0,48.75184,-122.1941,Whatcom,US-WA,Human,,,,,,,,1.3,0.18,1.0
OLD NACHES,1686171000000,40.0,,645.0,46.710343,-120.653068,Yakima,US-WA,Undetermined,Minimal,Type 4 Incident,,,75000.0,,100.0,15.5,0.02,1.0
BURBANK VALLEY,1689892440000,40.0,,40.0,46.73024,-120.413602,Yakima,US-WA,Undetermined,,,,,,,,10.4,0.31,1.0
OAK FLAT,1753311453000,40.0,,129.66,45.831064,-120.604511,Klickitat,US-WA,Human,,,,,,,,3.9,0.42,1.0
Tunnel Creek,1757181000000,39.0,,596.0,47.77855,-123.084667,Jefferson,US-WA,Natural,Minimal,,,,69540.0,,50.0,42.1,1.02,1.0
SAND HILL,1749675120000,35.0,,19.0,45.718893,-121.804635,Skamania,US-WA,Human,,,,,,,,8.1,0.28,1.0
GRAND MOUND,1501714880000,33.0,,33.0,46.79808,-123.0216,Thurston,US-WA,Human,,,,,,,,0.9,0.02,1.0
BURBANK,1520802600000,32.0,,32.25,46.77366,-120.4349,Kittitas,US-WA,Human,,,,,,,,10.7,0.35,1.0
W. SLAVIN RD,1466488800000,30.0,,30.0,46.53975,-120.8443,Yakima,US-WA,Human,,,,,,,,4.1,0.11,1.0
COUGAR CREEK,1532830860000,30.0,,42712.0,47.851393,-120.549328,Chelan,US-WA,Natural,Minimal,Type 4 Incident,,,42160159.0,,100.0,29.7,1.05,1.0
RED APPLE,1626228120000,30.0,,12288.0,47.51609,-120.4207,Chelan,US-WA,Undetermined,Minimal,Type 4 Incident,,,4300000.0,14000000.0,100.0,20.1,0.54,1.0
Tozier,1438726320000,30.0,,30.0,46.9292,-120.5011,Kittitas,US-WA,Undetermined,,,,,,,,4.6,0.08,1.0
JOLLY MOUNTAIN,1502498820000,30.0,,36808.0,47.37676,-121.0187,Kittitas,US-WA,Undetermined,Minimal,Type 5 Incident,,,24400000.0,,100.0,32.3,1.53,1.0
SCATTER CREEK,1503434160000,30.0,,384.0,46.82629,-123.034,Thurston,US-WA,Undetermined,Minimal,Type 3 Incident,,,1280000.0,,100.0,1.9,0.05,1.0
CHIKAMIN,1596208980000,30.0,,2151.0,48.06893,-120.7687,Chelan,US-WA,Natural,Minimal,Type 4 Incident,TU5,Timber,2765000.0,3500000.0,100.0,33.1,1.19,1.0
Saxton Road,1440284940000,30.0,,113.0,45.9389,-120.6819,Klickitat,US-WA,Human,,,,,,,,8.2,0.23,1.0
BURKE ISLAND,1471484735000,30.0,,15.0,45.93134,-122.7915,Cowlitz,US-WA,Undetermined,,,,,,,,0.5,0.19,1.0
MILE POST 93,1532040480000,30.0,,30.0,45.66405,-120.952,Klickitat,US-WA,Unknown,,,,,,,,18.3,0.27,1.0
MP 96,1471245300000,30.0,,83.0,45.640617,-120.922333,Klickitat,US-WA,Human,,,,,,,,10.7,0.44,1.0
SOUTH WENAS,1498588680000,30.0,,604.0,46.7458,-120.6052,Yakima,US-WA,Undetermined,,,,,,,,3.0,0.06,1.0
STEPHENS RD,1618792483000,30.0,,30.0,47.02054,-123.4959,Grays Harbor,US-WA,Human,,,,,,,,5.5,0.36,1.0
PINE HOLLOW,1690840634000,30.0,,30.0,46.542953,-120.759532,Yakima,US-WA,Undetermined,,,,,,,,5.3,0.04,1.0
ROZA SLOPE,1694545860000,30.0,,200.0,46.93365,-120.51136,Kittitas,US-WA,Undetermined,Minimal,Type 4 Incident,,,75000.0,1500000.0,100.0,2.5,0.52,1.0
UMTANUM,1722120360000,30.0,,410.0,46.876062,-120.478877,Kittitas,US-WA,Undetermined,Minimal,,,,350000.0,,100.0,25.4,0.91,1.0
Gee Lake,1728087660000,30.0,,40.0,48.411731,-121.794964,Skagit,US-WA,Undetermined,,,,,,,,37.3,0.51,1.0
VAIL,1625355060000,29.0,,29.0,46.84384,-122.6028,Thurston,US-WA,Human,,,,,,,,6.2,0.04,1.0
NORTH SOL DUC,1556574900000,27.5,,27.0,48.0598,-124.1836,Clallam,US-WA,Human,,,,,,,,4.6,0.22,1.0
BLACK HILLS,1694925300000,27.1,,27.1,46.95998,-123.1101,Thurston,US-WA,Human,,,,,,,,15.5,0.36,1.0
ARCHER MOUNTAIN,1504606380000,25.0,,209.0,45.61468,-122.0942,Skamania,US-WA,Undetermined,Moderate,Type 3 Incident,,,646000.0,,100.0,25.8,0.48,1.0
GUN RANGE,1592516400000,25.0,,100.0,47.399,-120.399,Chelan,US-WA,Human,,,GS2,Grass-Shrub,,,,26.6,0.52,1.0
BADGER GULCH,1626469140000,25.0,,22.8,45.86012,-120.6661,Klickitat,US-WA,Undetermined,,,,,,,,3.5,0.08,1.0
STAN HEDWALL,1470348236000,25.0,,66.0,46.64145,-122.963,Lewis,US-WA,Human,,,,,,,,2.0,0.09,1.0
LOST,1533509940000,25.0,,25.0,47.89516,-120.6366,Chelan,US-WA,Unknown,,,,,,,,30.2,0.95,1.0
PARKS,1661122800000,25.0,,20759.0,48.97687,-120.7031,Okanogan,US-WA,Natural,Active,Type 1 Incident,,,190000.0,800000.0,0.0,22.4,1.6,1.0
HOLMAN,1534455720000,25.0,,302.0,48.83546,-120.7653,Whatcom,US-WA,Unknown,Minimal,Type 4 Incident,,,0.0,,100.0,40.6,1.27,1.0
SLAVIN,1498088160000,25.0,,120.0,46.54407,-120.8314,Yakima,US-WA,Human,,,,,,,,4.0,0.08,1.0
TUNNEL FIVE,1688323020000,25.0,,546.0,45.722232,-121.579246,Skamania,US-WA,Undetermined,Minimal,Type 2 Incident,,,7000000.0,,100.0,25.9,0.38,1.0
LAKE LOUISE,1692218830000,24.0,,24.0,47.15712,-122.2731,Pierce,US-WA,Undetermined,,,,,,,,3.8,0.03,1.0
JACKSON ROAD,1691790331000,23.0,,23.0,46.92928,-122.3855,Pierce,US-WA,Undetermined,,,,,,,,3.2,0.07,1.0
MSF Norse Support,1504650040000,20.0,,20.0,47.0798,-121.5091,Pierce,US-WA,Undetermined,,,,,,,,30.0,0.04,1.0
WISHRAM,1529781408000,20.0,,20.0,45.6623,-120.948,Klickitat,US-WA,Undetermined,,,,,,,,14.9,0.18,1.0
Eureka Lake,1440713220000,20.0,,20.0,48.754799,-120.569298,Okanogan,US-WA,Natural,,,,,,,,44.7,1.58,1.0
RAILROAD,1629230340000,20.0,,36.0,45.66386,-120.9472,Klickitat,US-WA,Human,,,,Grass,,,,18.3,0.1,1.0
MUNSON PRAIRIE,1603740265000,20.0,,32.9,45.84601,-120.669,Klickitat,US-WA,Human,,,,,,,,3.9,0.1,1.0
SWOFFORD,1553025722000,20.0,,103.0,46.5105,-122.4193,Lewis,US-WA,Human,,,,,,,,7.7,0.34,1.0
OLD BARN RD ,1553124000000,20.0,,18.0,46.50921,-121.9186,Lewis,US-WA,Unknown,,,,,,,,13.8,0.13,1.0
SKAGIT,1661389680000,20.0,,695.0,48.9248,-120.9476,Whatcom,US-WA,Undetermined,Moderate,Type 1 Incident,,,0.0,10000.0,0.0,31.6,2.72,1.0
Copper Lake ,1661383200000,20.0,,2182.0,48.9413,-121.4481,Whatcom,US-WA,Undetermined,Minimal,Type 1 Incident,,,143562.0,800000.0,0.0,45.5,2.03,1.0
Tatie Peak,1439433840000,20.0,,100.0,48.7051,-120.722,Whatcom,US-WA,Natural,,Type 5 Incident,,,150000.0,,100.0,47.9,1.45,1.0
CALIFORNIA ROAD 2,1531508220000,20.0,,35.0,47.28557,-123.2165,Mason,US-WA,Unknown,,,,,,,,2.2,0.2,1.0
SUIATTLE,1501455840000,20.0,,216.0,48.34392,-121.4267,Skagit,US-WA,Human,Minimal,Type 2 Incident,,,2340000.0,,90.0,29.6,0.4,1.0
MILEPOST 11,1471038486000,20.0,,51.0,46.86185,-120.394,Kittitas,US-WA,Human,,,,,,,,14.4,0.91,1.0
CHEHALIS TRAIL,1691544558000,20.0,,20.0,46.87653,-122.7262,Thurston,US-WA,Human,,,,,,,,3.2,0.18,1.0
LAKE WHATCOM,1693270500000,20.0,,40.0,48.6752,-122.2672,Whatcom,US-WA,Natural,Minimal,Type 5 Incident,,,850000.0,,100.0,22.1,0.59,1.0
TENDOLLAR,1694366940000,20.0,,182.0,46.84795,-120.389008,Kittitas,US-WA,Undetermined,Minimal,Type 4 Incident,,,235500.0,,100.0,7.6,0.5,1.0
MOXEE VALLEY,1715910300000,20.0,,20.0,46.570071,-120.456386,Yakima,US-WA,Undetermined,,,,,,,,0.7,0.15,1.0
HORSETHIEF LAKE,1779570120000,20.0,,471.0,45.643562,-121.125182,Klickitat,US-WA,Undetermined,Minimal,,,,20000.0,,100.0,6.2,0.73,1.0
B-1300,1627791600000,18.0,,18.0,48.0062,-122.9509,Clallam,US-WA,Human,,,,,,,,16.5,0.65,1.0
Whitewater Unit 40 Rx,1540336484000,15.1,,15.1,47.07743,-121.5863,Pierce,US-WA,Unknown,,,,,,,,10.3,0.06,1.0
ROCKY TOP,1563935760000,15.0,,15.0,46.63276,-120.6899,Yakima,US-WA,Natural,,,,,,,,7.2,0.25,1.0
JONES PIT,1507387621000,15.0,,15.0,47.01854,-122.3482,Pierce,US-WA,Undetermined,,,,,,,,4.6,0.12,1.0
WIEHL,1599540606000,15.0,,15.0,45.89072,-122.519,Clark,US-WA,Human,,,,,,,,3.8,0.06,1.0
PROCTOR CREEK 62 RD,1463181060000,15.0,,289.0,48.29146,-121.9702,Snohomish,US-WA,Undetermined,Minimal,Type 2 Incident,,,450000.0,,100.0,24.7,0.53,1.0
MIMA ROAD,1599598800000,15.0,,268.0,46.88637,-123.0469,Thurston,US-WA,Human,,,,,,,,1.3,0.05,1.0
JACKSON ROAD,1553113380000,15.0,,45.0,46.94413,-122.3893,Pierce,US-WA,Unknown,,,,,,,,1.8,0.1,1.0
CONBOY,1604070060000,15.0,,15.0,45.99783,-121.2645,Klickitat,US-WA,Human,,,,,,,,1.3,0.68,1.0
GEMSTONE,1656418666000,15.0,,10.0,47.12708,-120.6805,Kittitas,US-WA,Undetermined,,,,,,,,6.7,0.15,1.0
JOYCE ACCESS,1618941600000,15.0,,15.0,48.08123,-123.7089,Clallam,US-WA,Human,,,,,,,,24.7,0.16,1.0
Buckindy,1534554203000,15.0,,105.0,48.37756,-121.1825,Skagit,US-WA,Natural,Minimal,Type 5 Incident,,,1500.0,,0.0,48.7,5.94,1.0
SILVER LAKE RD,1553813709000,15.0,,4.5,48.93621,-122.0801,Whatcom,US-WA,Human,,,,,,,,15.2,0.58,1.0
OLD NACHES,1660771380000,15.0,,31.0,46.74602,-120.7933,Yakima,US-WA,Undetermined,,,,,,,,22.2,0.15,1.0
HOT SHOT,1463103660000,15.0,,60.0,48.29141,-121.9702,Snohomish,US-WA,Undetermined,Minimal,Type 2 Incident,,,460000.0,,100.0,24.7,0.54,1.0
BATTLE BUTTE,1626225013000,15.0,,22.75,45.8171,-120.7709,Klickitat,US-WA,Human,,,,,,,,2.1,0.9,1.0
ORTING ROAD,1629426604000,15.0,,15.0,47.1497,-122.1859,Pierce,US-WA,Undetermined,,,,,,,,6.5,0.02,1.0
REECER CREEK,1659162240000,15.0,,20.2,47.180637,-120.59284,Kittitas,US-WA,Undetermined,,,,,,,,21.0,0.21,1.0
Bannock Lakes,1532828940000,15.0,,497.0,48.20067,-120.9407,Chelan,US-WA,Unknown,Minimal,Type 5 Incident,,,43500.0,,0.0,37.5,0.23,1.0
DURR ROAD,1687628400000,15.0,,20.5,47.010833,-120.97312,Yakima,US-WA,Undetermined,,,,,,,,12.0,0.76,1.0
MULQUEEN,1691877906000,15.0,,15.0,46.82844,-122.6517,Thurston,US-WA,Human,,,,,,,,17.3,0.43,1.0
BEAR CREEK,1693161480000,15.0,,32.0,46.304167,-121.810167,Skamania,US-WA,Natural,,,,,,5000000.0,100.0,38.0,1.03,1.0
HARLAN LANDING,1715206238000,15.0,,100.0,46.633648,-120.529107,Yakima,US-WA,Human,,,,,,,,15.2,0.36,1.0
TOP OF THE WORLD,1728949646000,15.0,,171.0,45.726,-121.40145,Klickitat,US-WA,Human,Minimal,,,,850000.0,1000000.0,100.0,12.0,0.32,1.0
POMAS,1749836400000,15.0,,3618.0,48.1091,-120.7207,Chelan,US-WA,Natural,Minimal,,,,71854544.0,,95.0,31.4,1.99,1.0
BIG LAKE,1757109060000,15.0,,23.48,47.182039,-120.804435,Kittitas,US-WA,Natural,,,,,,,,9.7,0.27,1.0
OLD HIGHWAY 9,1500769343000,14.7,,14.7,46.79065,-123.0102,Thurston,US-WA,Undetermined,,,,,,,,2.8,0.04,1.0
THOMAS,1723256460000,14.0,,9.0,47.293333,-121.157333,Kittitas,US-WA,Undetermined,Minimal,,,,571037.0,10000000.0,100.0,28.2,1.04,1.0
STAVE CREEK,1723259700000,14.0,,12.1,47.400167,-121.197167,Kittitas,US-WA,Natural,,,,,680000.0,10000000.0,100.0,31.0,0.93,1.0
SOUTH HUCKLEBERRY,1753793332000,14.0,,14.5,47.48262,-124.04178,Grays Harbor,US-WA,Human,,,,,,,,14.2,0.16,1.0
507 PRAIRIE,1665598055000,13.75,,13.75,46.93309,-122.5758,Thurston,US-WA,Human,,,,,,,,1.5,0.08,1.0
ELDERBERRY,1661477682000,13.5,,13.5,46.80264,-123.0126,Thurston,US-WA,Undetermined,,,,,,,,2.8,0.02,1.0
347,1465065952000,12.1,,12.1,46.55393,-124.0344,Pacific,US-WA,Human,,,,,,,,1.7,0.21,1.0
CRAZY MAN MOUNTAIN,1572365042000,12.0,,12.0,46.42373,-122.562,Lewis,US-WA,Undetermined,,,,,,,,10.8,0.62,1.0
BORDEAUX RD,1630703035000,12.0,,12.0,46.88435,-123.0423,Thurston,US-WA,Undetermined,,,,,,,,1.7,0.08,1.0
MOX-CHEHALIS,1553116094000,12.0,,12.0,46.96109,-123.3372,Grays Harbor,US-WA,Unknown,,,,,,,,4.0,0.45,1.0
HAMILTON CANYON,1557955793000,12.0,,12.0,47.09758,-123.7653,Grays Harbor,US-WA,Human,,,,,,,,7.4,0.23,1.0
Desolation,1663189800000,11.0,,363.0,48.91336,-121.0453,Whatcom,US-WA,Undetermined,,,,,50000.0,,,32.3,1.62,1.0
Elk Forage 19 RX,1540222842000,10.5,,10.5,47.12103,-121.5432,Pierce,US-WA,Unknown,,,,,,,,21.1,0.08,1.0
LITTLE CREEK,1755562140000,10.5,,10.5,47.210967,-121.104883,Kittitas,US-WA,Human,,,,,,,,2.4,0.05,1.0
Bob Wayne,1599240540000,10.0,,10.0,47.25293,-124.2221,Grays Harbor,US-WA,Unknown,,,,,,,,3.5,0.31,1.0
TEANAWAY RIVER,1507321980000,10.0,,341.0,47.25299,-120.846,Kittitas,US-WA,Undetermined,Minimal,Type 3 Incident,,,587000.0,,100.0,15.0,0.19,1.0
HUCKLEBERRY,1668877350000,10.0,,52.0,46.49133,-123.4097,Pacific,US-WA,Human,,,,,,,,16.6,0.45,1.0
DECKERVILLE,1438384431000,10.0,,150.0,47.2288,-123.4763,Mason,US-WA,Undetermined,,,,,,,,1.8,0.07,1.0
DENMARK,1584557821000,10.0,,10.0,46.94878,-120.424,Kittitas,US-WA,Unknown,,,,,,,,0.9,0.74,1.0
CONRAD,1530480240000,10.0,,4583.0,46.74582,-120.6684,Yakima,US-WA,Unknown,Minimal,Type 3 Incident,,,955000.0,,100.0,6.4,0.51,1.0
SUNSET,1594667340000,10.0,,143.3,47.48359,-120.3504,Chelan,US-WA,Human,,,GS2,Grass-Shrub,,,,6.4,0.11,1.0
HAY CANYON,1588706040000,10.0,,9.9,47.54667,-120.4858,Chelan,US-WA,Unknown,,,GS2,Grass-Shrub,,,,36.1,0.42,1.0
BADGER GULCH,1533756000000,10.0,,15.0,45.85268,-120.6399,Klickitat,US-WA,Human,,,,,,,,3.6,0.22,1.0
BUCODA,1473991529000,10.0,,6.4,46.79118,-122.9017,Thurston,US-WA,Undetermined,,,,,,,,6.8,0.24,1.0
SLAB,1538350080000,10.0,,90.0,46.78624,-120.4565,Kittitas,US-WA,Human,,,,,,,,15.0,0.39,1.0
SUNCREST,1472337780000,10.0,,390.0,47.60496,-120.6356,Chelan,US-WA,Human,Minimal,Type 4 Incident,,,350000.0,,100.0,13.0,0.06,1.0
198TH,1628199236000,10.0,,10.0,47.13286,-122.156,Pierce,US-WA,Human,,,,,,,,4.9,0.2,1.0
MILEPOST 7,1563669900000,10.0,,26.0,46.89047,-120.4366,Kittitas,US-WA,Unknown,,,,,,,,15.0,0.29,1.0
GREEN BEAN,1572477531000,10.0,,35.0,46.0331,-122.1731,Skamania,US-WA,Undetermined,,,,,,,,33.6,0.16,1.0
1ST STREET,1534376100000,10.0,,10.0,46.94537,-122.6006,Thurston,US-WA,Unknown,,,,,,,,0.8,0.01,1.0
TOMMY,1529621252000,10.0,,15.0,47.92549,-120.5833,Chelan,US-WA,Natural,,,,,,,,30.1,0.53,1.0
NORTH FORK,1660933341000,10.0,,32.7,46.54416,-120.8736,Yakima,US-WA,Undetermined,,,,,,,,6.0,0.47,1.0
CAPE HORN ,1659880095000,10.0,,6.41,46.15411,-123.291,Wahkiakum,US-WA,Human,,,,,,,,18.5,0.1,1.0
HART ROAD,1467488280000,10.0,,45.0,47.16484,-120.8225,Kittitas,US-WA,Human,,,,,,,,8.1,0.28,1.0
North Fork ,1661385960000,10.0,,340.0,48.98849,-121.4385,Whatcom,US-WA,Undetermined,Minimal,Type 4 Incident,,,0.0,24000.0,0.0,50.9,3.0,1.0
STORMY CREEK,1530479040000,10.0,,79.0,47.82724,-120.41,Chelan,US-WA,Unknown,,,,,,,,26.6,0.61,1.0
CHUMYON,1506819360000,10.0,,748.0,47.6571,-120.5411,Chelan,US-WA,Undetermined,Minimal,Type 5 Incident,,,285000.0,,100.0,24.6,0.15,1.0
GREEN ACRES,1627592608000,10.0,,10.0,46.32915,-124.014,Pacific,US-WA,Undetermined,,,,,,,,2.9,0.61,1.0
OXBOW RD,1553032465000,10.0,,10.0,46.58493,-123.627,Pacific,US-WA,Human,,,,,,,,3.7,0.15,1.0
HEAD WATER,1502579700000,10.0,,92.0,45.958333,-120.771667,Klickitat,US-WA,Undetermined,Minimal,Type 3 Incident,,,1360000.0,,100.0,10.4,0.23,1.0
Park Creek,1529537104000,10.0,,40.0,48.73347,-121.6649,Whatcom,US-WA,Natural,,,,,,,,5.8,0.12,1.0
OA-STONEHENGE,1686086880000,10.0,,10.0,45.700541,-120.81262,Klickitat,US-WA,Undetermined,,,,,,,,15.6,0.38,1.0
SULTAN BASIN,1688329186000,10.0,,5.6,47.9026,-121.7793,Snohomish,US-WA,Human,,,,,,,,9.5,0.17,1.0
Kindy Creek,1692152741000,10.0,,210.0,48.3792,-121.173417,Skagit,US-WA,Undetermined,Minimal,Type 4 Incident,,,90000.0,90000.0,0.0,47.7,5.54,1.0
CHANDLER,1693010100000,10.0,,46.0,46.64354,-123.2568,Lewis,US-WA,Natural,Minimal,Type 5 Incident,,,2000000.0,,100.0,6.2,0.21,1.0
PUYALLUP POINT,1693157040000,10.0,,10.0,46.83824,-121.9415,Pierce,US-WA,Natural,,,,,,,,47.3,0.3,1.0
BENDER,1713647401000,10.0,,24.5,49.000007,-122.440667,Whatcom,US-WA,Undetermined,,,,,,,,1.7,0.6,1.0
STETSON,1717019880000,10.0,,10.0,46.730841,-120.520712,Yakima,US-WA,Human,,,,,,,,6.1,0.03,1.0
RIVER VIEW,1717784534000,10.0,,10.0,46.633627,-120.512776,Yakima,US-WA,Human,,,,,,,,15.1,0.06,1.0
PIONEER,1717876080000,10.0,,38730.0,48.199206,-120.546799,Chelan,US-WA,Human,Minimal,,,,100000000.0,102000000.0,100.0,29.5,0.14,1.0
ROZA,1718387640000,10.0,,69.39,46.730315,-120.455426,Kittitas,US-WA,Human,,,,,,,,37.0,0.89,1.0
KEYS ROAD,1718987940000,10.0,,20.5,46.599532,-120.477659,Yakima,US-WA,Human,,,,,,,,0.8,0.05,1.0
VANDERBILT,1719951660000,10.0,,10.0,46.883878,-120.426979,Kittitas,US-WA,Human,,,,,,,,16.2,0.22,1.0
SHUGART,1723954260000,10.0,,8.0,47.779724,-120.644517,Chelan,US-WA,Natural,,,,,,,,16.8,0.36,1.0
GRANT LAKE,1749682440000,10.0,,9.11,45.714832,-121.798639,Skamania,US-WA,Human,,,,,,,,5.7,0.33,1.0
EAST CREEK,1753061700000,10.0,,44.0,48.664256,-120.76515,Whatcom,US-WA,Natural,,,,,,,,53.4,1.45,1.0
SUN COUNTRY,1755552420000,10.0,,65.0,47.195424,-121.053482,Kittitas,US-WA,Human,Minimal,,,,488000.0,,100.0,11.3,0.08,1.0
BAY AVE,1755817440000,10.0,,5.7,46.492082,-124.055633,Pacific,US-WA,Human,,,,,,,,1.0,0.2,1.0
WILDCAT,1756165680000,10.0,,15592.0,46.88922,-121.299019,Yakima,US-WA,Natural,Minimal,,,,20528000.0,,90.0,29.1,0.59,1.0
SELAH CREEK,1757962547000,10.0,,10.0,46.691461,-120.45503,Yakima,US-WA,Undetermined,,,,,,,,6.0,0.05,1.0
BURNT MOUNTAIN,1502097000000,9.9,,9.9,47.0335,-121.9067,Pierce,US-WA,Undetermined,,,,,,,,43.6,0.9,1.0
RED SUN,1599563739000,9.0,,9.0,46.06216,-122.2558,Cowlitz,US-WA,Unknown,,,,,,,,12.0,0.84,1.0
NUTMEG,1660252009000,8.85,,8.85,46.82234,-122.979,Thurston,US-WA,Human,,,,,,,,1.1,0.02,1.0
B8515,1530543611000,8.5,,8.5,47.02456,-123.0665,Thurston,US-WA,Unknown,,,,,,,,16.9,0.32,1.0
LOST HWY,1684017675000,8.3,,8.3,47.54401,-122.8989,Kitsap,US-WA,Human,,,,,,,,3.0,0.38,1.0
WASHOUGAL RIVER RD,1599547738000,8.0,,10.5,45.67224,-122.1536,Skamania,US-WA,Human,,,,,,,,27.6,0.05,1.0
JIM CREEK,1665969960000,8.0,,8.0,48.21,-121.9096,Snohomish,US-WA,Undetermined,,,,,,,,40.0,0.69,1.0
TOPELT,1587158214000,8.0,,21.7,46.63245,-123.2943,Lewis,US-WA,Human,,,,,,,,7.6,0.07,1.0
LOWER CLE ELUM RIVER,1532910960000,8.0,,14.3,47.18811,-121.0053,Kittitas,US-WA,Human,,,,,,,,4.1,0.18,1.0
NW Region 2025 Training RX,1747926267000,8.0,,8.0,48.333533,-122.183633,Skagit,US-WA,Undetermined,,,,,,,,8.9,0.08,1.0
Harlan Rx,1540311725000,7.8,,7.75,47.76243,-121.2632,King,US-WA,Unknown,,,,,,,,45.8,0.16,1.0
THOMPSON,1713570000000,7.7,,6.5,45.867672,-122.391043,Clark,US-WA,Human,,,,,,,,7.0,0.22,1.0
Warwick,1437186803000,7.5,,,45.7381,-120.9681,Klickitat,US-WA,Undetermined,,,,,,,,1.1,0.09,1.0
HWY 104,1662766260000,7.5,,7.5,47.94287,-122.8572,Jefferson,US-WA,Human,,,,,,,,4.4,0.58,1.0
LYNCH PIT,1464397585000,7.1,,7.1,47.14998,-123.0851,Mason,US-WA,Undetermined,,,,,,,,3.0,0.09,1.0
MONITOR,1509559740000,7.0,,1169.0,47.50164,-120.4209,Chelan,US-WA,Undetermined,Minimal,Type 5 Incident,,,60000.0,,100.0,19.3,0.01,1.0
BROWN RD,1628703509000,7.0,,7.19,46.60691,-122.9711,Lewis,US-WA,Human,,,,,,,,2.8,0.11,1.0
COHO,1448676047000,7.0,,100.0,46.336399,-123.901001,Pacific,US-WA,Human,,,,,,,,17.4,0.96,1.0
Arctic Jim,1533591960000,7.0,,880.0,48.89543,-121.1517,Whatcom,US-WA,Natural,Minimal,Type 4 Incident,,,30000.0,,0.0,45.7,3.78,1.0
Copper Ridge ,1661480400000,7.0,,10.0,48.92907,-121.4509,Whatcom,US-WA,Undetermined,Minimal,Type 1 Incident,,,0.0,,0.0,41.3,1.14,1.0
KINLEY LANE,1554076560000,7.0,,21.0,48.4692,-121.6281,Skagit,US-WA,Human,,,,,,,,6.6,0.23,1.0
ROCHESTER STREET,1691940737000,7.0,,7.0,46.88593,-122.6968,Thurston,US-WA,Human,,,,,,,,3.0,0.02,1.0
260TH,1722896509000,7.0,,7.0,47.019961,-122.36433,Pierce,US-WA,Human,,,,,,,,1.3,0.03,1.0
SECOND CREEK,1748285460000,7.0,,81.0,47.716134,-120.614233,Chelan,US-WA,Human,Minimal,,,,1290944.0,,77.0,26.6,0.04,1.0
Powerhouse,1524929280000,6.0,,6.0,48.90613,-121.8796,Whatcom,US-WA,Unknown,,,,,,,,53.6,0.42,1.0
SUNSET FALLS ,1553089231000,6.0,,4.0,45.83006,-122.3424,Clark,US-WA,Human,,,,,,,,13.2,0.34,1.0
CRANBERRY LAKE,1472181988000,6.0,,18.5,48.50256,-122.6402,Skagit,US-WA,Undetermined,,,,,,,,7.3,0.16,1.0
MOONSHINE,1526079900000,6.0,,4.17,45.84311,-121.2987,Klickitat,US-WA,Human,,,,,,,,4.1,0.25,1.0
HURST CREEK,1597621865000,6.0,,6.0,47.57631,-124.2695,Jefferson,US-WA,Human,,,,,,,,4.5,0.41,1.0
RIGGS CANYON,1562442900000,6.0,,75.0,47.12883,-120.3943,Kittitas,US-WA,Unknown,,,,,,,,17.7,0.99,1.0
SANDY POINT,1509355800000,6.0,,27.0,48.80384,-122.6926,Whatcom,US-WA,Human,,,,,,,,3.3,0.04,1.0
SWIFT CREEK,1472423919000,6.0,,6.0,46.06258,-122.1735,Skamania,US-WA,Human,,,,,,,,15.6,0.9,1.0
NEMAH 510,1573227359000,6.0,,6.0,46.5083,-123.8359,Pacific,US-WA,Human,,,,,,,,15.1,0.72,1.0
SANCTUARY ROCK,1693181124000,6.0,,6.0,46.469867,-121.616117,Lewis,US-WA,Natural,,,,,,,0.0,29.4,2.33,1.0
TENAS CREEK,1694813280000,6.0,,38.2,48.3452,-121.5426,Skagit,US-WA,Human,,,,,,,,5.3,0.19,1.0
GREAT VIEW,1754871660000,6.0,,16.0,47.77825,-124.07911,Jefferson,US-WA,Human,,,,,,,,24.7,0.19,1.0
SELAH CLIFF,1757126220000,6.0,,30.0,46.715575,-120.455511,Yakima,US-WA,Undetermined,,,,,,,,25.1,0.27,1.0
WALLACE RD,1598740451000,5.9,,5.9,45.88145,-122.7656,Cowlitz,US-WA,Unknown,,,,,,,,0.3,0.06,1.0
ALDRICH,1668787478000,5.79,,1.0,48.81706,-122.5154,Whatcom,US-WA,Undetermined,,,,,,,,2.2,0.1,1.0
EMERALD RIDGE TOP,1628476152000,5.5,,5.5,47.08883,-122.2407,Pierce,US-WA,Undetermined,,,,,,,,9.2,0.16,1.0
PILGRIM,1631137000000,5.1,,5.1,46.81349,-122.2873,Pierce,US-WA,Undetermined,,,,,,,,7.4,0.09,1.0
BURBANK CREEK,1725353176000,5.1,,6.4,46.776661,-120.452321,Kittitas,US-WA,Undetermined,,,,,,,,11.8,0.01,1.0
MIMA ACRES,1687547727000,5.08,,5.08,46.82951,-122.8831,Thurston,US-WA,Human,,,,,,,,2.8,0.04,1.0
JOLLY CREEK,1502501593000,5.0,,5.0,47.38209,-120.9889,Kittitas,US-WA,Undetermined,,,,,,,,37.6,1.09,1.0
RANGER,1661905578000,5.0,,5.0,46.7176,-120.6772,Yakima,US-WA,Undetermined,,,,,,,,3.8,0.1,1.0
JONES ISLAND PRESCRIBED BURN,1567781525000,5.0,,5.0,48.61769,-123.0481,San Juan,US-WA,Unknown,,,,,,,,3.5,0.09,1.0
MERIDIAN,1504482569000,5.0,,5.0,47.1184,-122.2772,Pierce,US-WA,Undetermined,,,,,,,,2.0,0.03,1.0
8 ROAD,1665875940000,5.0,,134.0,46.8423,-122.1852,Pierce,US-WA,Human,Minimal,Type 3 Incident,,,650000.0,,50.0,10.1,0.03,1.0
CAMAS,1617588780000,5.0,,27.0,45.94109,-121.3503,Klickitat,US-WA,Unknown,,,,,,,,1.9,0.25,1.0
COLUMBIA,1625428620000,5.0,,14.0,45.70287,-121.2903,Klickitat,US-WA,Undetermined,,,,,,,,14.0,0.14,1.0
Bath,1439418321000,5.0,,182.0,48.2398,-121.0555,Snohomish,US-WA,Natural,,Type 5 Incident,,,11500.0,,100.0,69.9,3.81,1.0
LOGAN,1661641384000,5.0,,15.0,46.73492,-122.946,Lewis,US-WA,Human,,,,,,,,3.7,0.05,1.0
EVANS CANYON,1598909340000,5.0,,75817.0,46.84789,-120.7715,Yakima,US-WA,Unknown,Minimal,Type 4 Incident,,,1120000.0,9500000.0,100.0,9.8,0.17,1.0
WONDERLAND,1622071200000,5.0,,15.0,46.74593,-120.7724,Yakima,US-WA,Undetermined,,,,,,,,20.0,0.22,1.0
HORSE LAKE,1473029400000,5.0,,19.88,47.45029,-120.4055,Chelan,US-WA,Human,,,,,,,,18.0,0.29,1.0
CANYON CREST,1529179860000,5.0,,135.0,46.53033,-120.8739,Yakima,US-WA,Unknown,,,,,,,,4.2,0.05,1.0
REESE HILL,1472159063000,5.0,,8.0,48.94672,-122.114,Whatcom,US-WA,Human,,,,,,,,17.2,1.1,1.0
Jenkins Creek,1439840640000,5.0,,6.5,45.889599,-120.749802,Klickitat,US-WA,Human,,,,,,,,5.2,0.56,1.0
GISH FLAT,1626648120000,5.0,,16.08,46.55398,-122.8137,Lewis,US-WA,Human,,,TL4,Timber,,,,1.9,0.12,1.0
PROJECT ROAD,1532472120000,5.0,,8.7,47.23929,-123.3691,Mason,US-WA,Human,,,,,,,,3.3,0.19,1.0
TARBOO LAKE,1534967400000,5.0,,5.5,47.90393,-122.833,Jefferson,US-WA,Unknown,,,,,,,,8.1,0.23,1.0
Mile Post 9,1443479040000,5.0,,22.8,47.2116,-120.6985,Kittitas,US-WA,Undetermined,,,,,,,,20.6,0.63,1.0
Sundown,1438459740000,5.0,,5.0,46.7157,-120.4611,Yakima,US-WA,Human,,,,,,,,20.0,0.13,1.0
TIDY MAN DALLESPORT ASSIST,1660848256000,5.0,,16.6,45.61731,-121.1776,Klickitat,US-WA,Undetermined,,,,,,,,2.5,0.02,1.0
IRON EAST,1536397440000,5.0,,117.0,47.34255,-120.6857,Kittitas,US-WA,Natural,Minimal,Type 3 Incident,,,2561133.0,,90.0,24.7,0.57,1.0
CLE ELUM RIDGE,1624496160000,5.0,,1.0,47.22501,-120.8451,Kittitas,US-WA,Undetermined,,,,,,,,5.2,0.28,1.0
FISH HATCHERY,1564090700000,5.0,,9.7,47.46135,-122.2639,Thurston,US-WA,Human,,,,,,,,7.9,0.05,1.0
CANYON,1604096012000,5.0,,5.0,46.62585,-122.4995,Lewis,US-WA,Unknown,,,,,,,,22.2,0.61,1.0
SAW BLADE,1554042005000,5.0,,1.5,46.628533,-123.60545,Pacific,US-WA,Human,,,,,,,,11.3,0.39,1.0
BROCKDALE,1531804080000,5.0,,3.0,47.27549,-123.1249,Mason,US-WA,Unknown,,,,,,,,2.0,0.23,1.0
SOUTH FORK MANASTASH,1530588171000,5.0,,1.25,46.99135,-120.8673,Kittitas,US-WA,Human,,,,,,,,16.5,0.53,1.0
COLD CREEK,1600140600000,5.0,,564.0,46.63214,-121.2926,Yakima,US-WA,Human,Minimal,Type 5 Incident,TU5,Timber,2150000.0,2410000.0,100.0,22.6,0.15,1.0
GRANDVIEW ,1553021682000,5.0,,6.48,46.17974,-122.9489,Cowlitz,US-WA,Unknown,,,,,,,,10.8,0.06,1.0
SWALE CREEK,1502665910000,5.0,,8.5,45.71637,-121.0412,Klickitat,US-WA,Human,,,,,,,,2.7,0.58,1.0
Mt. Dana,1567288980000,5.0,,2.0,47.78348,-123.489056,Jefferson,US-WA,Natural,Minimal,Type 5 Incident,,,6253.0,25000.0,0.0,36.5,2.26,1.0
5TH AVE,1466390040000,5.0,,2.0,47.07814,-124.1637,Grays Harbor,US-WA,Undetermined,,,,,,,,1.6,0.13,1.0
SQUAW CREEK,1563994320000,5.0,,28.119,45.903346,-120.459991,Klickitat,US-WA,Unknown,,,,,,,,6.8,2.02,1.0
LACAMAS,1598904000000,5.0,,11.5,47.00157,-122.5077,Pierce,US-WA,Unknown,,,,,,,,3.5,0.16,1.0
LAKE BLVD,1554067099000,5.0,,5.0,47.19295,-123.1119,Mason,US-WA,Unknown,,,,,,,,3.1,0.12,1.0
EAST FORK TRIANGLE,1534930200000,5.0,,11.0,47.0754,-121.9076,Pierce,US-WA,Human,,,,,,,,20.7,0.08,1.0
NOYE,1559328660000,5.0,,53.0,46.7313,-120.7939,Yakima,US-WA,Unknown,,,,,,,,18.8,0.26,1.0
HOLTER ,1587418241000,5.0,,5.0,45.86016,-120.6042,Klickitat,US-WA,Unknown,,,,,,,,4.4,0.37,1.0
NUMBER 2 CANYON ,1629081900000,5.0,,5.0,47.39901,-120.3991,Chelan,US-WA,Undetermined,,,,,,,,26.8,0.52,1.0
GOBAR CREEK ,1551746564000,5.0,,6.5,46.05939,-122.6096,Cowlitz,US-WA,Unknown,,,,,,,,15.7,0.3,1.0
WENAS,1500024540000,5.0,,604.0,46.8187,-120.667,Yakima,US-WA,Undetermined,Minimal,Type 4 Incident,,,30000.0,,100.0,10.0,0.43,1.0
DRY SAGE,1560013560000,5.0,,397.0,46.7455,-120.5413,Yakima,US-WA,Unknown,Minimal,Type 5 Incident,,,75000.0,,100.0,4.4,0.83,1.0
GIBSON CREEK,1471654431000,5.0,,13.6,46.94228,-123.239,Grays Harbor,US-WA,Undetermined,,,,,,,,8.3,0.33,1.0
THORP PRAIRIE CANAL,1627075973000,5.0,,27.7,47.1203,-120.8002,Kittitas,US-WA,Undetermined,,,,,,,,7.8,0.1,1.0
UNION BANK ,1564711199000,5.0,,6.0,47.35157,-123.1034,Mason,US-WA,Human,,,,,,,,8.8,0.1,1.0
RIFFE ,1668708642000,5.0,,1.5,46.5085,-122.3702,Lewis,US-WA,Human,,,,,,,,12.2,0.5,1.0
East Beach Road,1596063600000,5.0,,84.0,48.09664,-123.7396,Clallam,US-WA,Unknown,Minimal,Type 5 Incident,TU5,Timber,1975000.0,2000000.0,100.0,33.9,0.67,1.0
COW CANYON,1659563400000,5.0,,4878.0,46.87723,-120.7712,Yakima,US-WA,Undetermined,Minimal,Type 5 Incident,,,5000000.0,,95.0,7.1,0.4,1.0
Late South,1444483588000,5.0,,2.7,46.500702,-120.934303,Yakima,US-WA,Undetermined,,,,,,,,13.1,0.74,1.0
PROTECTION ISLAND,1628024995000,5.0,,22.0,48.622,-122.9314,Clallam,US-WA,Human,,,,,,,,6.9,0.3,1.0
MILE POST 33 - FINAL,1531777200000,5.0,,6.4,46.046995,-122.856359,Cowlitz,US-WA,Unknown,,,,,,,,8.6,0.23,1.0
THOMAS ROAD,1599419520000,5.0,,15.0,47.16829,-120.5074,Kittitas,US-WA,Unknown,,,,,,,,21.5,0.3,1.0
DAWN,1626618061000,5.0,,5.0,47.32267,-122.9002,Mason,US-WA,Undetermined,,,,,,,,3.3,1.07,1.0
WHITEPINE,1532917860000,5.0,,25.0,47.73034,-121.0021,Chelan,US-WA,Natural,,,,,,,,50.9,0.17,1.0
Haystack -BIA ASSIST,1473726451000,5.0,,5.7,45.66633,-120.9403,Klickitat,US-WA,Human,,,,,,,,24.2,0.19,1.0
BICKLETON HIGHWAY,1500672160000,5.0,,10.0,45.83144,-120.6866,Klickitat,US-WA,Undetermined,,,,,,,,2.7,0.58,1.0
WINDY,1532817936000,5.0,,5.0,47.56641,-120.8929,Chelan,US-WA,Natural,,,,,,,,37.2,0.78,1.0
BIG HORN,1593551700000,5.0,,400.0,46.88441,-120.4766,Kittitas,US-WA,Human,Minimal,Type 4 Incident,GS2,Grass-Shrub,125000.0,700000.0,75.0,26.7,0.05,1.0
SOUTH PRAIRIE,1438468045000,5.0,,15.0,47.136299,-122.113899,Pierce,US-WA,Undetermined,,,,,,,,10.1,0.15,1.0
EAST FORK #2,1502072100000,5.0,,5.0,47.09853,-122.0386,Pierce,US-WA,Human,,,,,,,,9.9,0.35,1.0
KALAMA,1662000000000,5.0,,497.0,46.13498,-122.3171,Cowlitz,US-WA,Undetermined,Minimal,Type 4 Incident,,,10295103.87,12000000.0,100.0,31.5,0.34,1.0
LITTLE CAMAS,1530817260000,5.0,,317.0,47.49339,-120.5513,Chelan,US-WA,Unknown,Minimal,Type 3 Incident,,,3681796.3,,97.0,28.0,0.4,1.0
I-82,1566244778000,5.0,,20.0,46.7292,-120.3933,Yakima,US-WA,Unknown,,,,,,,,9.6,0.89,1.0
High Steel,1663784460000,5.0,,26.0,47.3636,-123.2771,Mason,US-WA,Undetermined,Minimal,Type 4 Incident,,,200000.0,,100.0,10.7,0.54,1.0
HORSLEY RD,1552950642000,5.0,,12.0,46.26734,-122.973,Cowlitz,US-WA,Unknown,,,,,,,,7.7,0.09,1.0
JACK CREEK,1502503800000,5.0,,4607.0,47.51393,-120.9594,Chelan,US-WA,Natural,Minimal,Type 4 Incident,,,225000.0,,99.0,30.0,0.31,1.0
BAY ROAD,1532122231000,5.0,,5.0,48.90776,-122.7357,Skagit,US-WA,Human,,,,,,,,2.1,0.18,1.0
DEVORE CREEK,1564180440000,5.0,,679.0,48.2726,-120.7373,Chelan,US-WA,Unknown,Minimal,Type 4 Incident,,,1100000.0,9000000.0,100.0,49.0,1.33,1.0
RAILROAD TRACK,1530507186000,5.0,,5.0,46.7216,-120.4509,Yakima,US-WA,Human,,,,,,,,26.5,0.18,1.0
FARM BOY,1502905680000,5.0,,5.0,46.9455,-122.9395,Thurston,US-WA,Human,,,,,,,,1.4,0.08,1.0
SHEEP,1500878820000,5.0,,1771.0,46.74661,-120.5523,Yakima,US-WA,Undetermined,Minimal,Type 3 Incident,,,203000.0,,100.0,4.5,0.05,1.0
Dump Lake,1501537676000,5.0,,92.0,45.65743,-120.9654,Klickitat,US-WA,Human,,,,,,,,11.1,0.09,1.0
RIVER ROCK,1564340993000,5.0,,5.0,48.20833,-122.2155,Snohomish,US-WA,Human,,,,,,,,4.7,0.1,1.0
SPORTSMAN,1680750600000,5.0,,2.4,46.59267,-120.4641,Yakima,US-WA,Undetermined,,,,,,,,1.1,0.02,1.0
SHANNON LAKE,1685215080000,5.0,,85.0,48.772,-121.6934,Skagit,US-WA,Human,,,,,,,,51.1,0.97,1.0
WILDCAT,1685669236000,5.0,,15.0,46.68698,-123.2244,Lewis,US-WA,Human,,,,,,,,8.8,0.08,1.0
HIDEAWAY,1685758509000,5.0,,2.5,46.563661,-120.798532,Yakima,US-WA,Human,,,,,,,,4.1,0.34,1.0
SAWMILL RD,1685997806000,5.0,,1.0,48.65,-122.9995,San Juan,US-WA,Human,,,,,,,,10.9,0.41,1.0
GUNN BUTTE,1686767084000,5.0,,3.8,45.880651,-120.935969,Klickitat,US-WA,Undetermined,,,,,,,,3.7,0.03,1.0
SUTHERLAND,1687032900000,5.0,,108.0,48.08021,-123.6709,Clallam,US-WA,Undetermined,Minimal,Type 3 Incident,,,1796705.0,,90.0,19.9,0.17,1.0
BOZY,1688554941000,5.0,,5.0,47.01088,-123.2313,Grays Harbor,US-WA,Human,,,,,,,,12.5,0.42,1.0
BLOCKHOUSE,1689457500000,5.0,,88.1,45.803427,-121.02066,Klickitat,US-WA,Undetermined,,,,,,,,3.9,0.38,1.0
LOST SPRING,1689891420000,5.0,,15.0,46.891594,-120.438454,Kittitas,US-WA,Undetermined,,,,,,,,16.3,0.12,1.0
ELK CREEK,1691183262000,5.0,,12.6,46.62732,-123.3013,Lewis,US-WA,Human,,,,,,,,8.4,0.39,1.0
BLAKELEY RD,1691368083000,5.0,,6.1,46.42963,-122.7813,Lewis,US-WA,Undetermined,,,,,,,,5.1,0.26,1.0
THATCHER,1691532110000,5.0,,19.0,46.53568,-121.7976,Lewis,US-WA,Human,,,,,,,,9.8,0.28,1.0
GIBSON,1692334232000,5.0,,5.0,46.84341,-122.9563,Thurston,US-WA,Human,,,,,,,,0.8,0.06,1.0
THOMPSON,1693319100000,5.0,,7.0,47.726795,-120.75777,Chelan,US-WA,Natural,,,,,,200000.0,,22.7,1.47,1.0
OA - WIND SONG,1695070503000,5.0,,5.0,46.749198,-120.780258,Yakima,US-WA,Undetermined,,,,,,,,30.4,0.29,1.0
BEAR CREEK,1698610020000,5.0,,12.0,46.716878,-120.940011,Yakima,US-WA,Undetermined,,,,,,,,11.0,0.22,1.0
LYMAN,1713650700000,5.0,,50.0,48.545521,-122.067547,Skagit,US-WA,Undetermined,,,,,,,,20.9,0.31,1.0
GULF,1713654540000,5.0,,5.0,48.862929,-122.731533,Whatcom,US-WA,Undetermined,,,,,,,,3.4,0.31,1.0
LATERAL CREEK,1716062040000,5.0,,5.0,46.655571,-120.721498,Yakima,US-WA,Undetermined,,,,,,,,4.3,0.29,1.0
HARLAN,1718305380000,5.0,,5.0,46.632116,-120.521592,Yakima,US-WA,Human,,,,,,,,15.0,0.02,1.0
BEAR CREEK,1718841090000,5.0,,5.0,47.01692,-123.799,Grays Harbor,US-WA,Human,,,,,,,,7.3,0.11,1.0
Le Bar,1720327200000,5.0,,1.5,47.4133,-123.31879,Mason,US-WA,Human,,,,,,,,19.1,0.04,1.0
507,1720564980000,5.0,,10.4,46.968373,-122.551004,Pierce,US-WA,Human,,,,,,,,2.5,0.09,1.0
ARBORETUM,1720667403000,5.0,,10.0,46.584719,-120.456521,Yakima,US-WA,Undetermined,,,,,,,,0.7,0.05,1.0
ELKS PLAIN,1721100841000,5.0,,8.0,47.053396,-122.337413,Pierce,US-WA,Human,,,,,,,,1.7,0.02,1.0
13TH STREET,1721747262000,5.0,,4.5,48.123267,-123.4789,Clallam,US-WA,Human,,,,,,,,5.1,0.08,1.0
WILLIAMS MINE,1722884580000,5.0,,13092.0,46.13812,-121.72786,Skamania,US-WA,Natural,Minimal,,,,33169673.0,36000000.0,100.0,27.3,0.17,1.0
BLEWETT,1725484980000,5.0,,16.0,47.3356,-120.578,Kittitas,US-WA,Human,Minimal,,,,800000.0,,100.0,12.2,0.08,1.0
OA-224TH,1725721448000,5.0,,5.0,47.046106,-122.32702,Pierce,US-WA,Human,,,,,,,,2.2,0.15,1.0
SELAH BUTTE,1727297738000,5.0,,37.01,46.723,-120.4495,Yakima,US-WA,Human,,,,,,,,25.9,0.33,1.0
WISHRAM,1748292900000,5.0,,5.0,45.659023,-120.979261,Klickitat,US-WA,Human,,,,,,,,11.3,0.24,1.0
RED BRIDGE ROAD,1749509844000,5.0,,60.0,47.196468,-120.804304,Kittitas,US-WA,Human,Minimal,,,,797715.0,,100.0,9.5,0.14,1.0
TRAIL CREEK,1750364760000,5.0,,50.6,47.111841,-120.35856,Kittitas,US-WA,Human,,,,,,,,12.5,0.68,1.0
JAEKEL,1751847696000,5.0,,5.0,45.751299,-120.842376,Klickitat,US-WA,Undetermined,,,,,,,,0.9,0.94,1.0
MOUNTAIN HIGHWAY,1753643340000,5.0,,9.2,47.045891,-122.38985,Pierce,US-WA,Human,,,,,,,,2.2,0.07,1.0
BROWNS CREEK RD,1753739160000,5.0,,11.6,47.369012,-123.278961,Mason,US-WA,Human,,,,,,,,9.5,0.06,1.0
LOWER SUGARLOAF,1756743660000,5.0,,42958.0,47.749106,-120.552378,Chelan,US-WA,Natural,Minimal,,,,84900000.0,,99.0,28.8,0.54,1.0
MAC CREEK,1757257661000,5.0,,2.5,47.602654,-120.786936,Chelan,US-WA,Natural,,,,,,,,48.1,1.2,1.0
DARLAND,1757800180000,5.0,,5.0,45.817174,-120.833194,Klickitat,US-WA,Undetermined,,,,,,,,2.0,0.04,1.0
ESCHBACH,1758155357000,5.0,,5.0,46.672863,-120.636086,Yakima,US-WA,Human,,,,,,,,4.8,0.09,1.0
RAINEY DAY,1775657340000,5.0,,6.0,46.5322,-122.120717,Lewis,US-WA,Human,,,,,,,,11.8,0.32,1.0
SHEEP COMPANY,1779728668000,5.0,,10.0,46.759798,-120.519617,Yakima,US-WA,Human,,,,,,,,15.4,0.73,1.0
TONO POND,1631043718000,4.6,,4.6,46.7994,-122.8554,Thurston,US-WA,Undetermined,,,,,,,,6.3,0.37,1.0
LIMESTONE,1565825760000,4.5,,2.4,48.95739,-122.1339,Whatcom,US-WA,Unknown,,,,,,,,19.4,0.09,1.0
ELK,1660270175000,4.5,,4.5,47.13929,-123.4232,Mason,US-WA,Human,,,,,,,,2.7,0.15,1.0
LUCAS LANE,1681516976000,4.5,,4.5,47.22291,-123.4655,Mason,US-WA,Human,,,,,,,,2.5,0.4,1.0
PHILLIPS LAKE,1500960600000,4.4,,4.4,47.25072,-122.9608,Mason,US-WA,Undetermined,,,,,,,,2.4,0.19,1.0
8TH AVE,1506292724000,4.3,,4.3,46.95627,-122.4391,Pierce,US-WA,Human,,,,,,,,2.3,0.05,1.0
FERRIER,1723140240000,4.19,,4.19,46.478142,-122.917863,Lewis,US-WA,Human,,,,,,,,2.4,0.09,1.0
GOAT ROCKS,1660063380000,4.0,,6196.0,46.629867,-121.5142,Lewis,US-WA,Natural,Minimal,Type 5 Incident,,,19400000.0,25000000.0,66.0,40.0,2.02,1.0
GAIL ROAD,1501343725000,4.0,,4.0,47.02521,-120.5435,Kittitas,US-WA,Undetermined,,,,,,,,1.5,0.07,1.0
SCHAFER,1557432900000,4.0,,7.7,47.11142,-123.485,Mason,US-WA,Unknown,,,,,,,,7.0,0.25,1.0
SMUGGLERS SLOUGH,1559716200000,4.0,,1.4,48.80531,-122.5941,Skagit,US-WA,Human,,,,,,,,0.5,0.24,1.0
DEVONSHIRE,1553030094000,4.0,,4.0,46.97225,-123.6249,Grays Harbor,US-WA,Human,,,,,,,,1.9,0.05,1.0
FISH,1599574500000,4.0,,132.0,47.15501,-121.8583,King,US-WA,Undetermined,Minimal,Type 4 Incident,,,1267138.78,,75.0,11.1,0.09,1.0
HORSESHOE BEND,1504049100000,4.0,,120.0,46.76077,-120.835,Yakima,US-WA,Human,,,,,,,,27.8,0.65,1.0
SOUTH DURR,1592759890000,4.0,,7.5,46.74548,-120.5626,Yakima,US-WA,Unknown,,,,,,,,4.9,,1.0
SCHREINER RD ,1524615953000,4.0,,2.6,46.5865,-122.9109,Lewis,US-WA,Human,,,,,,,,3.3,0.19,1.0
Rowland Lake,1498971660000,4.0,,4.6,45.70606,-121.3814,Klickitat,US-WA,Human,,,,,,,,15.5,0.26,1.0
GAULT,1658701004000,4.0,,2.93,47.3074,-123.175,Mason,US-WA,Human,,,,,,,,8.5,0.18,1.0
VALLEY GREEN,1553123339000,4.0,,4.0,46.96033,-122.7291,Thurston,US-WA,Human,,,,,,,,3.7,0.03,1.0
DEWATTO-HOLLY,1561681800000,4.0,,5.5,47.46983,-123.0044,Mason,US-WA,Natural,,,,,,,,7.5,,1.0
THREE FOOLS ,1661387640000,4.0,,2183.0,48.89346,-120.8556,Whatcom,US-WA,Undetermined,Moderate,Type 1 Incident,,,0.0,10000.0,0.0,48.9,3.49,1.0
BUNKER CREEK ,1526159630000,4.0,,4.0,46.68522,-123.1504,Lewis,US-WA,Human,,,,,,,,9.8,0.09,1.0
FOREST SPRINGS,1532643780000,4.0,,8.4,47.49837,-122.9824,Mason,US-WA,Unknown,,,,,,,,6.7,0.56,1.0
ELOCHOMAN DIVIDE,1553050375000,4.0,,1.5,46.18926,-123.3112,Wahkiakum,US-WA,Unknown,,,,,,,,9.0,0.21,1.0
ALABAMA ,1534275720000,4.0,,26.9,46.11873,-122.9438,Cowlitz,US-WA,Unknown,,,,,,,,0.8,0.05,1.0
SADDLE,1535936121000,4.0,,59.0,47.06956,-124.1213,Grays Harbor,US-WA,Human,,,,,,,,2.8,0.44,1.0
HAGEN,1501897544000,4.0,,4.0,45.7015,-122.3625,Skamania,US-WA,Human,,,,,,,,12.2,0.55,1.0
Meeks Table,1442095680000,4.0,,1183.0,46.819401,-121.087303,Yakima,US-WA,Human,,Type 3 Incident,,,350000.0,,100.0,22.6,,1.0
MEANDER,1661361720000,4.0,,126.0,47.93219,-121.1153,Chelan,US-WA,Natural,Minimal,Type 4 Incident,,,20000.0,50000.0,100.0,31.9,0.95,1.0
BOW HILL,1533870000000,4.0,,7.7,48.55364,-122.343,Skagit,US-WA,Human,,,,,,,,6.3,0.26,1.0
COVE,1525905836000,4.0,,4.0,47.74084,-122.88141,Jefferson,US-WA,Human,,,,,,,,14.4,0.2,1.0
156TH STREET,1536527552000,4.0,,12.0,47.11672,-122.0707,Pierce,US-WA,Unknown,,,,,,,,4.2,0.13,1.0
48TH AVE,1688095773000,4.0,,4.0,46.92283,-122.4685,Pierce,US-WA,Human,,,,,,,,3.1,0.04,1.0
336TH AVE,1688673260000,4.0,,4.0,46.95584,-122.5448,Pierce,US-WA,Human,,,,,,,,2.9,0.33,1.0
WINDYGAP,1689375120000,4.0,,6.2,46.68199,-120.90488,Yakima,US-WA,Undetermined,,,,,,,,20.0,0.65,1.0
CLEAR LAKE,1694799585000,4.0,,4.0,47.07695,-122.0126,Pierce,US-WA,Human,,,,,,,,9.9,1.45,1.0
ROCK QUARRY,1694898840000,4.0,,4.0,47.56234,-122.7849,Kitsap,US-WA,Human,,,,,,,,16.6,,1.0
LAPHAM,1715467080000,4.0,,4.0,46.333738,-122.69289,Cowlitz,US-WA,Human,,,,,,,,2.3,0.13,1.0
KELLY HOLLOW,1716746226000,4.0,,4.0,46.47,-120.38,Yakima,US-WA,Human,,,,,,,,1.6,0.11,1.0
KEYS DIKE,1720070940000,4.0,,106.6,46.589068,-120.454402,Yakima,US-WA,Human,,,,,,,,1.1,0.22,1.0
TEN DOLLAR SPRING,1720728300000,4.0,,4.5,46.840438,-120.371985,Kittitas,US-WA,Human,,,,,,,,5.5,0.08,1.0
DONKEY,1720812420000,4.0,,38.3,46.48875,-123.325923,Lewis,US-WA,Human,Minimal,,,,986450.0,,100.0,30.8,0.33,1.0
2620 ROAD,1723680360000,4.0,,398.0,47.6848,-122.96102,Jefferson,US-WA,Undetermined,Minimal,,,,6927155.0,,100.0,38.5,0.13,1.0
CRYSTAL CREEK,1728952140000,4.0,,6.17,47.22876,-120.9823,Kittitas,US-WA,Human,,,,,,,,16.5,0.17,1.0
WILDROSE,1752014580000,4.0,,7.0,48.630181,-122.999083,San Juan,US-WA,Human,,,,,,,,6.8,0.11,1.0
DEER FOOT,1752704400000,4.0,,11.7,47.982085,-122.514231,Island,US-WA,Human,,,,,,,,6.8,0.01,1.0
LABOR MOUNTAIN,1756740540000,4.0,,42967.0,47.36307,-120.84251,Kittitas,US-WA,Natural,Minimal,,,,68086062.62,,97.0,26.6,0.09,1.0
ARROWHEAD,1663462148000,3.8,,3.8,47.09899,-123.3816,Mason,US-WA,Human,,,,,,,,7.7,0.84,1.0
ALPINE,1629155416000,3.7,,3.7,47.45465,-122.7894,Kitsap,US-WA,Undetermined,,,,,,,,4.0,0.51,1.0
HWY 14 MP130,1473180120000,3.6,,3.6,45.86589,-120.4007,Klickitat,US-WA,Human,,,,,,,,4.6,2.53,1.0
HOLLAND,1724974164000,3.6,,3.6,46.437385,-122.83607,Cowlitz,US-WA,Undetermined,,,,,,,,3.0,0.03,1.0
Protection Island,1537911272000,3.5,,3.5,48.12883,-122.934,Jefferson,US-WA,Unknown,,,,,,,,3.8,0.06,1.0
MCNEIL ISLAND,1663868973000,3.5,,3.5,47.20049,-122.6502,Pierce,US-WA,Human,,,,,,,,0.0,0.08,1.0
Town of Wishram,1501549913000,3.5,,1.0,45.65743,-120.9654,Klickitat,US-WA,Human,,,,,,,,11.1,0.09,1.0
FIVE MILE CREEK,1666222980000,3.5,,7.3,45.68743,-121.0825,Klickitat,US-WA,Undetermined,,,,,,,,18.8,0.43,1.0
I-5 STRETCH,1626299729000,3.5,,3.5,46.83801,-122.9857,Pierce,US-WA,Undetermined,,,,,,,,1.5,0.12,1.0
SKY,1539563358000,3.5,,3.5,45.71878,-121.1659,Klickitat,US-WA,Human,,,,,,,,8.7,0.32,1.0
COAL CREEK,1693288200000,3.5,,3.5,48.87983,-122.1916,Whatcom,US-WA,Human,,,,,,,,23.6,0.22,1.0
MOUNT DALLAS,1658960673000,3.3,,3.3,48.51247,-123.133221,San Juan,US-WA,Human,,,,,,,,20.9,0.23,1.0
ROSEBURG,1501546680000,3.3,,3.3,46.82098,-123.0768,Thurston,US-WA,Human,,,,,,,,1.9,0.06,1.0
TRAPLINE,1678317243000,3.3,,3.31,48.96123,-122.3538,Whatcom,US-WA,Human,,,,,,,,0.9,0.05,1.0
EXIT 49,1597007553000,3.1,,3.1,46.28842,-122.9045,Cowlitz,US-WA,Unknown,,,,,,,,4.8,0.08,1.0
SHILLAPOO 3,1566769510000,3.1,,3.2,45.66586,-122.6971,Clark,US-WA,Human,,,,,,,,3.5,0.31,1.0
SHORTYS,1473884319000,3.1,,3.1,45.75807,-122.651,Clark,US-WA,Undetermined,,,,,,,,1.9,0.06,1.0
CHINOOK,1668539348000,3.0,,120.0,46.27925,-123.9227,Pacific,US-WA,Human,,,,,,,,14.8,0.39,1.0
DENMARK,1532556300000,3.0,,12.0,46.80299,-123.0654,Thurston,US-WA,Unknown,,,,,,,,1.5,0.06,1.0
126TH STREET NW,1653402000000,3.0,,2.7,48.5654,-122.2206,Snohomish,US-WA,Undetermined,,,,,,,,2.9,0.02,1.0
BEVERLY CREEK RX,1508097067000,3.0,,10.0,47.38261,-120.8828,Kittitas,US-WA,Undetermined,,,,,,,,33.3,0.32,1.0
MINERAL CREEK ,1668719820000,3.0,,20.0,47.16262,-121.8155,King,US-WA,Undetermined,,,,,,,,16.0,0.33,1.0
EXIT 22 SOUTH BOUND,1505161324000,3.0,,3.0,45.92487,-122.7451,Cowlitz,US-WA,Human,,,,,,,,7.1,0.17,1.0
B 8000,1660658961000,3.0,,3.0,47.025401,-123.07959,Thurston,US-WA,Human,,,,,,,,14.5,0.32,1.0
Downey Creek,1597605900000,3.0,,3166.0,48.2674,-121.2206,Snohomish,US-WA,Natural,Minimal,Type 4 Incident,TL5,Timber,200000.0,200000.0,0.0,52.8,0.97,1.0
INDIAN CREEK,1625522549000,3.0,,1.8,48.07717,-123.6787,Clallam,US-WA,Human,,,,,,,,28.8,0.12,1.0
POND 19,1436826145000,3.0,,2.0,46.727798,-122.792198,Lewis,US-WA,Human,,,,,,,,9.9,0.41,1.0
99TH DRIVE,1505422680000,3.0,,6.9,48.21367,-122.0928,Snohomish,US-WA,Undetermined,,,,,,,,4.2,0.1,1.0
PASS,1527743796000,3.0,,3.0,45.70117,-122.2805,Clark,US-WA,Unknown,,,,,,,,27.4,0.1,1.0
BENTON,1559500500000,3.0,,0.64,46.87712,-120.9589,Yakima,US-WA,Unknown,,,,,,,,20.8,0.95,1.0
Mile Marker 116,1504478400000,3.0,,0.86,47.31895,-123.9079,Grays Harbor,US-WA,Human,,,,,,,,2.9,0.67,1.0
OLD HWY 9,1556649081000,3.0,,3.0,46.80242,-123.0423,Thurston,US-WA,Human,,,,,,,,1.2,0.03,1.0
SELAH BUTTE,1626459720000,3.0,,6.9,46.7881,-120.4559,Yakima,US-WA,Undetermined,,,GS2,Grass-Shrub,,,,14.6,0.47,1.0
RIDGE ROAD,1529961770000,3.0,,5.1,46.89584,-120.7382,Yakima,US-WA,Unknown,,,,,,,,10.7,0.43,1.0
HARKSELL RD,1473807074000,3.0,,3.0,48.90533,-122.5815,Whatcom,US-WA,Human,,,,,,,,1.3,0.12,1.0
JOHNS RIVER,1656201600000,3.0,,76.0,46.81566,-123.9547,Grays Harbor,US-WA,Human,,,,,,,,8.2,0.34,1.0
GUNN BUTTE,1564183560000,3.0,,8.65,45.9016,-120.9092,Klickitat,US-WA,Unknown,,,,,,,,4.9,0.94,1.0
Stage Coach,1459636680000,3.0,,5.2,46.833302,-120.687302,Yakima,US-WA,Human,,,,,,,,11.8,0.02,1.0
SPARKS ROAD,1631223180000,3.0,,1.1,47.2397,-121.165,Kittitas,US-WA,Undetermined,,,,,,,,5.4,0.27,1.0
ELK HEIGHTS,1475012700000,3.0,,9.9,47.11567,-120.7987,Kittitas,US-WA,Human,,,,,,,,7.6,0.27,1.0
No Doubt,1533606720000,3.0,,3.0,48.97294,-121.364,Whatcom,US-WA,Unknown,Minimal,Type 5 Incident,,,12000.0,,100.0,77.8,2.74,1.0
RED CEDAR,1526439422000,3.0,,2.9,46.2504,-123.1431,Cowlitz,US-WA,Human,,,,,,,,14.0,0.26,1.0
HM 200 ,1532900387000,3.0,,2.37,46.64182,-123.516,Pacific,US-WA,Unknown,,,,,,,,11.8,1.1,1.0
DRY CREEK,1499493000000,3.0,,337.0,47.373,-121.2739,Klickitat,US-WA,Human,Minimal,Type 4 Incident,,,4500000.0,,100.0,26.0,0.8,1.0
GOODWIN,1531268448000,3.0,,3.0,47.06893,-120.7045,Kittitas,US-WA,Human,,,,,,,,2.6,0.11,1.0
ASTRO,1586731916000,3.0,,4.05,46.20651,-122.8552,Cowlitz,US-WA,Human,,,,,,,,9.2,0.06,1.0
TUNNEL,1533071040000,3.0,,15.0,45.7317,-121.4557,Klickitat,US-WA,Human,,,,,,,,25.6,0.34,1.0
EAST DEEP RIVER,1553039377000,3.0,,0.25,46.34889,-123.6747,Wahkiakum,US-WA,Human,,,,,,,,11.3,0.17,1.0
DEER PEN,1474892950000,3.0,,2.0,45.70132,-122.2806,Clark,US-WA,Human,,,,,,,,27.2,0.1,1.0
LITTLETON,1557844560000,3.0,,3.0,48.051235,-123.97858,Clallam,US-WA,Human,,,,,,,,23.1,0.2,1.0
GOOSENECK,1628198220000,3.0,,2.8,45.73085,-121.0825,Klickitat,US-WA,Natural,,,,,,,,21.2,1.03,1.0
WASHAWAY,1500332245000,3.0,,3.0,46.7363,-124.065,Pacific,US-WA,Human,,,,,,,,6.0,0.1,1.0
1430,1599607832000,3.0,,3.0,45.71619,-122.0471,Skamania,US-WA,Human,,,,,,,,18.5,0.67,1.0
RAGLAND RD,1553119416000,3.0,,4.0,46.22389,-122.9908,Cowlitz,US-WA,Unknown,,,,,,,,8.5,0.01,1.0
Price Creek,1506202620000,3.0,,1.0,48.86295,-121.6102,Whatcom,US-WA,Human,,,,,,,,38.4,0.76,1.0
LYLE HILL,1626143460000,3.0,,135.0,45.70302,-121.2694,Klickitat,US-WA,Undetermined,Minimal,Type 4 Incident,,,425000.0,,100.0,25.6,0.69,1.0
GREENWOOD ,1529278869000,3.0,,4.25,46.02702,-122.7228,Cowlitz,US-WA,Human,,,,,,,,18.2,0.33,1.0
EAST WISHRAM,1529775059000,3.0,,52.0,45.65749,-120.9655,Klickitat,US-WA,Human,,,,,,,,10.9,0.08,1.0
COAL CREEK,1553116782000,3.0,,1.0,46.21503,-123.0246,Cowlitz,US-WA,Unknown,,,,,,,,10.1,0.09,1.0
KAMILCHE POINT,1618613408000,3.0,,9.2,46.92926,-122.3059,Mason,US-WA,Unknown,,,,,,,,5.1,0.18,1.0
Bird Creek RX,1507151916000,3.0,,5.0,45.96544,-121.3497,Klickitat,US-WA,Undetermined,,,,,,,,2.0,0.37,1.0
WILDWOOD,1520885971000,3.0,,11.82,46.48603,-123.1011,Lewis,US-WA,Human,,,,,,,,7.4,0.16,1.0
GRIM RD,1532123484000,3.0,,5.1,46.13391,-122.8774,Cowlitz,US-WA,Human,,,,,,,,10.2,0.5,1.0
MILLO LANE,1559086851000,3.0,,4.07,46.26435,-122.8753,Cowlitz,US-WA,Human,,,,,,,,17.1,0.21,1.0
American Camp,1531688160000,3.0,,3.0,48.46555,-123.01721,San Juan,US-WA,Human,,,,,,,,4.6,0.22,1.0
CATTLE,1553025798000,3.0,,6.5,46.6022,-122.648,Lewis,US-WA,Human,,,,,,,,4.8,0.12,1.0
SCORPION COULEE,1506211042000,3.0,,17.0,46.84795,-120.3889,Kittitas,US-WA,Undetermined,,,,,,,,7.7,0.49,1.0
EELLS SPRINGS,1561937400000,3.0,,3.3,47.29469,-123.26,Mason,US-WA,Human,,,,,,,,4.2,0.66,1.0
FISHER HILL,1596938760000,3.0,,33.0,45.74496,-121.2497,Klickitat,US-WA,Unknown,,,,,,,,10.7,0.76,1.0
CEDAR HILL,1438724100000,3.0,,18.0,46.641201,-122.792397,Lewis,US-WA,Undetermined,,,,,,,,7.3,0.49,1.0
Trout Creek Hill,1438740311000,3.0,,1.4,45.8045,-122.0448,Skamania,US-WA,Human,,,,,,,,26.9,0.62,1.0
COWICHE MILL,1592776200000,3.0,,36.8,46.62917,-120.835,Yakima,US-WA,Unknown,,,,,,,,8.2,1.5,1.0
MOUNT WASHINGTON,1625516040000,3.0,,3.25,48.30494,-122.1075,Skagit,US-WA,Human,,,,,,,,27.4,0.14,1.0
GUNDERSON ROAD,1625452440000,3.0,,3.0,48.43731,-122.264,Skagit,US-WA,Human,,,,,,,,6.3,0.12,1.0
LOCKE ROAD,1533780647000,3.0,,5.0,46.95445,-122.5315,Pierce,US-WA,Unknown,,,,,,,,2.2,0.16,1.0
PINE CREEK,1618351093000,3.0,,10.9,46.07816,-122.0132,Skamania,US-WA,Human,,,,,,,,8.1,0.27,1.0
GOODNIGHT,1599590787000,3.0,,3.0,45.91082,-122.5585,Clark,US-WA,Unknown,,,,,,,,8.5,0.17,1.0
THORP PRAIRIE,1498689420000,3.0,,10.0,47.10543,-120.7654,Kittitas,US-WA,Human,,,,,,,,3.5,0.59,1.0
PETERSON HAWK,1529429400000,3.0,,4.2,46.99735,-122.4861,Pierce,US-WA,Human,,,,,,,,2.3,0.2,1.0
ALLEGRO,1680206562000,3.0,,3.0,47.19818,-120.7178,Kittitas,US-WA,Undetermined,,,,,,,,8.9,0.06,1.0
IRON CREEK,1685825520000,3.0,,17.0,46.5054,-121.9524,Lewis,US-WA,Human,Minimal,Type 4 Incident,,,920000.0,3000000.0,100.0,7.1,0.28,1.0
110TH AVE,1686000692000,3.0,,3.0,47.0044,-122.2882,Pierce,US-WA,Human,,,,,,,,3.0,0.16,1.0
COULTER CREEK,1688526035000,3.0,,6.0,47.47941,-122.7342,Kitsap,US-WA,Undetermined,,,,,,,,2.2,0.14,1.0
LAUREL STREET,1688863543000,3.0,,3.0,47.22316,-123.1324,Mason,US-WA,Human,,,,,,,,2.6,0.12,1.0
GRAYBACK,1689103500000,3.0,,3.5,45.992834,-121.061095,Klickitat,US-WA,Undetermined,,,,,,,,20.8,1.5,1.0
GALBRAITH,1689689269000,3.0,,3.57,48.70464,-122.4178,Whatcom,US-WA,Undetermined,,,,,,,,8.4,0.06,1.0
CONNOR CREEK,1690153971000,3.0,,3.0,47.08912,-124.16,Grays Harbor,US-WA,Human,,,,,,,,1.3,0.06,1.0
DEER CREEK,1690860204000,3.0,,3.0,47.27872,-123.0125,Mason,US-WA,Human,,,,,,,,5.5,0.26,1.0
BEAVER VALLEY,1690930920000,3.0,,3.0,47.97422,-122.74,Jefferson,US-WA,Undetermined,,,,,,,,8.6,0.07,1.0
BLUE LAKE,1692082235000,3.0,,530.0,48.504934,-120.675888,Chelan,US-WA,Undetermined,Minimal,Type 5 Incident,,,5001000.0,5750000.0,100.0,40.6,0.27,1.0
ROYCE ROAD,1692398792000,3.0,,3.0,47.28217,-122.9595,Mason,US-WA,Human,,,,,,,,4.3,0.07,1.0
SOUTH FORK,1692979320000,3.0,,15.0,46.60733,-121.670581,Lewis,US-WA,Natural,,,,,,3000000.0,0.0,4.5,0.03,1.0
ROCK CRUSHER,1716161400000,3.0,,3.0,46.87417,-123.697115,Grays Harbor,US-WA,Human,,,,,,,,7.0,0.09,1.0
WARDEN,1718667900000,3.0,,15.6,47.16581,-123.38909,Mason,US-WA,Human,,,,,,,,3.2,0.67,1.0
ROSE SPRINGS,1720389780000,3.0,,3.88,46.759408,-120.371162,Kittitas,US-WA,Human,,,,,,,,9.4,0.83,1.0
TWIN BRIDGES,1721138043000,3.0,,3.0,46.636977,-120.52305,Yakima,US-WA,Human,,,,,,,,14.7,0.16,1.0
SUMMITVIEW,1721699497000,3.0,,3.0,46.600241,-120.646667,Yakima,US-WA,Human,,,,,,,,7.5,0.13,1.0
SWAUK CREEK,1725836040000,3.0,,348.0,47.222696,-120.697842,Kittitas,US-WA,Human,Minimal,,,,6484339.0,10000000.0,100.0,25.5,0.2,1.0
NORTH WENAS,1727652640000,3.0,,3.0,46.723822,-120.556875,Yakima,US-WA,Human,,,,,,,,2.3,0.19,1.0
PORTAGE,1751834640000,3.0,,4.2,48.707575,-122.635037,Whatcom,US-WA,Human,,,,,,,,3.2,0.12,1.0
TOONERVILLE,1752018480000,3.0,,85.0,47.499572,-122.906734,Mason,US-WA,Human,,,,,,,,2.4,0.04,1.0
HILLCREST,1752079620000,3.0,,3.0,46.646651,-120.539146,Yakima,US-WA,Human,,,,,,,,8.2,0.05,1.0
CHARTER,1752447000000,3.0,,5.0,47.189576,-120.980034,Kittitas,US-WA,Human,,,,,,,,4.4,0.16,1.0
BELGIAN,1752614669000,3.0,,1.48,47.706505,-122.919888,Jefferson,US-WA,Human,,,,,,,,22.8,0.05,1.0
SNYDER CANYON,1753303080000,3.0,,53.0,45.833111,-121.185858,Klickitat,US-WA,Natural,Minimal,,,,1392500.0,,100.0,24.3,0.92,1.0
HAMMA,1753651020000,3.0,,65.0,47.57218,-123.0815,Mason,US-WA,Human,Minimal,,,,1408940.0,,95.0,22.7,0.52,1.0
PIPE CREEK,1755814020000,3.0,,20.0,47.333015,-120.617192,Kittitas,US-WA,Human,,,,,,,,21.4,0.33,1.0
SOUTH TOUTLE,1756068286000,3.0,,5.14,46.3562,-122.6909,Cowlitz,US-WA,Human,,,,,,,,4.0,0.04,1.0
MARTIN,1756306080000,3.0,,190.0,48.229295,-120.812743,Chelan,US-WA,Natural,Minimal,,,,379396.0,,95.0,50.9,1.36,1.0
BALD FARM,1760389320000,3.0,,3.0,47.146382,-123.253464,Mason,US-WA,Human,,,,,,,,4.1,0.03,1.0
NORTH BRANCH,1761345468000,3.0,,3.0,47.066935,-120.445806,Kittitas,US-WA,Human,,,,,,,,2.0,0.71,1.0
LOWER FINNEY,1533429300000,2.9,,2.9,48.50764,-121.8207,Skagit,US-WA,Unknown,,,,,,,,18.4,0.89,1.0
OFFUTT LAKE 2,1691972839000,2.9,,2.9,46.90827,-122.8297,Thurston,US-WA,Human,,,,,,,,5.9,0.21,1.0
Wishram,1497063600000,2.78,,2.78,45.67453,-120.9367,Klickitat,US-WA,Human,,,,,,,,33.4,0.76,1.0
GUNN BUTTE,1470352396000,2.76,,2.76,45.90499,-120.9163,Klickitat,US-WA,Human,,,,,,,,5.1,0.63,1.0
EHLI HILL,1596665879000,2.5,,2.5,47.18044,-122.1924,Pierce,US-WA,Unknown,,,,,,,,12.2,0.04,1.0
BAKER 20,1437683910000,2.5,,2.5,48.5313,-121.891998,Skagit,US-WA,Undetermined,,,,,,,,5.3,0.07,1.0
BEAR VALLEY,1621117881000,2.5,,2.5,48.07735,-123.6838,Clallam,US-WA,Human,,,,,,,,29.3,0.4,1.0
MIMA ACRES,1561242840000,2.5,,2.5,46.8433,-122.8766,Thurston,US-WA,Human,,,,,,,,4.1,0.08,1.0
TOWER,1553119948000,2.5,,0.95,46.33678,-122.8273,Cowlitz,US-WA,Human,,,,,,,,6.3,0.28,1.0
CARLTON,1597793760000,2.5,,6.0,46.72031,-121.5397,Lewis,US-WA,Natural,,,TU5,Timber,,1000000.0,,39.3,0.82,1.0
MIRIAM,1532973840000,2.5,,5400.0,46.60984,-121.3488,Yakima,US-WA,Unknown,Minimal,Type 4 Incident,,,14196784.4,,100.0,37.6,1.69,1.0
BIG CREEK,1626910202000,2.5,,5.0,47.164967,-123.85455,Grays Harbor,US-WA,Human,,,,,,,,2.8,0.5,1.0
FRANZ ROAD,1626661140000,2.5,,3.0,45.61211,-122.0848,Skamania,US-WA,Human,,,,,,,,13.4,0.09,1.0
SOUTH PRAIRIE ROAD,1553111045000,2.5,,2.5,47.14273,-122.0971,Pierce,US-WA,Human,,,,,,,,5.7,0.09,1.0
JONES CREEK,1597193008000,2.5,,2.5,45.75849,-122.3013,Clark,US-WA,Unknown,,,,,,,,16.2,0.07,1.0
MASON CREEK,1668902632000,2.5,,2.5,45.8476,-122.5784,Clark,US-WA,Human,,,,,,,,5.4,0.01,1.0
WAPITI,1584652905000,2.5,,9.6,46.88676,-122.7721,Thurston,US-WA,Human,,,,,,,,6.5,0.22,1.0
MERIDIAN 510,1438829565000,2.5,,2.5,47.019001,-122.730103,Thurston,US-WA,Human,,,,,,,,3.5,0.02,1.0
CASCADE SPRINGS,1504073649000,2.5,,4.5,47.11832,-122.1342,Pierce,US-WA,Undetermined,,,,,,,,11.5,0.15,1.0
VIEW RIDGE,1679089680000,2.5,,3.25,46.57478,-122.6112,Lewis,US-WA,Human,,,,,,,,5.9,0.07,1.0
ROBERTS ROAD,1679962413000,2.5,,2.5,46.57595,-122.851,Lewis,US-WA,Human,,,,,,,,3.3,0.1,1.0
COFFIELD,1685995870000,2.5,,2.5,45.660158,-120.962208,Klickitat,US-WA,Human,,,,,,,,12.5,0.01,1.0
FOYE CREEK,1686098682000,2.5,,4.5,47.82364,-121.9601,Snohomish,US-WA,Human,,,,,,,,13.2,0.11,1.0
OA-COOK ROAD,1687465077000,2.5,,2.5,46.583422,-120.739375,Yakima,US-WA,Undetermined,,,,,,,,3.6,0.23,1.0
DRY CREEK,1687978560000,2.5,,4.0,46.919167,-120.859,Kittitas,US-WA,Undetermined,,,,,,,,12.2,0.68,1.0
MIMOSA 2,1688595241000,2.5,,1.0,46.96429,-122.5871,Thurston,US-WA,Undetermined,,,,,,,,2.4,0.05,1.0
SULWHANON,1689302168000,2.5,,2.6,48.88544,-122.3531,Whatcom,US-WA,Undetermined,,,,,,,,1.6,0.02,1.0
BEAR CREEK,1690683272000,2.5,,2.5,48.34313,-122.0605,Skagit,US-WA,Human,,,,,,,,14.5,0.13,1.0
JENNY,1692226973000,2.5,,34.5,45.89134,-122.6717,Clark,US-WA,Human,,,,,,,,8.5,0.1,1.0
STELLA YARD,1694639264000,2.5,,1.23,46.1976,-123.2094,Cowlitz,US-WA,Human,,,,,,,,12.2,0.11,1.0
ROTSCHY MILL,1715833800000,2.5,,2.5,45.913972,-122.393874,Clark,US-WA,Human,,,,,,,,12.4,0.52,1.0
PINE FLAT,1744926697000,2.5,,2.5,45.936543,-121.499164,Klickitat,US-WA,Human,,,,,,,,12.7,0.21,1.0
CLARK,1745453100000,2.5,,3.42,46.208019,-122.969047,Cowlitz,US-WA,Human,,,,,,,,11.1,0.45,1.0
NASSA POINT,1751677860000,2.5,,8.0,46.166416,-123.330135,Wahkiakum,US-WA,Human,,,,,,,,17.8,0.07,1.0
DRAGONFLY,1751936383000,2.5,,2.84,47.613573,-122.827164,Kitsap,US-WA,Human,,,,,,,,6.3,0.26,1.0
TIMBER CREEK,1753311180000,2.5,,1.7,47.823819,-122.170361,Snohomish,US-WA,Human,,,,,,,,3.9,0.11,1.0
ROSENKRANZ,1755743235000,2.5,,2.5,46.712056,-120.77127,Yakima,US-WA,Human,,,,,,,,3.7,0.21,1.0
REST HAVEN,1758397348000,2.5,,2.5,46.633182,-120.520364,Yakima,US-WA,Human,,,,,,,,15.2,0.03,1.0
PRATHER ROAD,1503705523000,2.4,,2.42,46.76887,-123.058,Thurston,US-WA,Human,,,,,,,,6.3,0.21,1.0
GUAVA,1631318972000,2.3,,2.3,46.81392,-123.0079,Thurston,US-WA,Undetermined,,,,,,,,1.0,0.02,1.0
FREDRICKSON,1619044170000,2.3,,2.38,45.95297,-122.599,Cowlitz,US-WA,Human,,,,,,,,13.7,0.09,1.0
KC3000,1501282987000,2.3,,2.3,47.01778,-123.1477,Thurston,US-WA,Undetermined,,,,,,,,17.6,0.3,1.0
CASCADE CANAL,1502813768000,2.2,,0.2,47.0628,-120.6664,Kittitas,US-WA,Human,,,,,,,,1.8,0.17,1.0
NORTH DRYDEN,1721972319000,2.14,,2.1,47.5371,-120.509094,Chelan,US-WA,Human,,,,,,,,15.9,0.04,1.0
STUDEBAKER,1629059771000,2.1,,2.06,45.99645,-122.4754,Cowlitz,US-WA,Human,,,,,,,,19.7,0.62,1.0
ALLEN CANYON,1471648084000,2.03,,2.03,45.84445,-122.7329,Clark,US-WA,Undetermined,,,,,,,,3.9,0.12,1.0
Power Line,1467515974000,2.0,,,47.17794,-120.8003,Kittitas,US-WA,Undetermined,,,,,,,,18.0,0.43,1.0
SIOUXON,1663895340000,2.0,,2359.0,45.93077,-122.0664,Skamania,US-WA,Human,Minimal,Type 5 Incident,,,1150000.0,2300000.0,100.0,18.7,0.4,1.0
MILE MARKER 31,1630964798000,2.0,,2.0,46.03122,-122.8535,Cowlitz,US-WA,Undetermined,,,,,,,,6.2,0.08,1.0
MOORE CREEK,1499289480000,2.0,,19.0,45.73034,-121.8896,Skamania,US-WA,Human,,,,,,,,15.0,0.4,1.0
MILEPOST 13,1530759113000,2.0,,4.0,46.80061,-120.3596,Kittitas,US-WA,Human,,,,,,,,10.4,0.09,1.0
WILDWOOD LANE,1553040300000,2.0,,85.0,46.15799,-123.3071,Wahkiakum,US-WA,Human,,,,,,,,19.7,0.39,1.0
WILLIE KEILS ,1552870680000,2.0,,4.0,46.64274,-123.0827,Pacific,US-WA,Unknown,,,,,,,,3.3,0.12,1.0
HIDDEN VALLEY,1596679295000,2.0,,2.0,47.1947,-120.7923,Kittitas,US-WA,Unknown,,,,,,,,11.1,0.45,1.0
Elk Lake,1532483040000,2.0,,0.25,47.57521,-123.1506,Mason,US-WA,Unknown,,,,,,,,39.7,0.49,1.0
WESTSIDE,1469911974000,2.0,,0.37,46.27038,-122.9232,Cowlitz,US-WA,Human,,,,,,,,4.0,0.06,1.0
HAYWARD SHOOTING RANGE,1537031837000,2.0,,6.0,47.11007,-120.719,Kittitas,US-WA,Unknown,,,,,,,,13.7,0.23,1.0
SLEEPER,1629352800000,2.0,,2.0,46.94413,-122.4103,Pierce,US-WA,Undetermined,,,,,,,,2.0,0.1,1.0
TUNNEL-  DNR SES Assist,1533071133000,2.0,,15.0,45.74403,-121.4099,Klickitat,US-WA,Human,,,,,,,,5.9,0.66,1.0
BLAINE 20,1473717766000,2.0,,2.0,48.93602,-122.7264,Whatcom,US-WA,Human,,,,,,,,1.6,0.01,1.0
ROCHESTER 183,1662839620000,2.0,,5.8,46.81478,-123.0652,Thurston,US-WA,Human,,,,,,,,1.2,0.11,1.0
Yellow Jacket,1442437740000,2.0,,2.0,48.693199,-120.502502,Okanogan,US-WA,Human,,,,,,,,53.7,1.12,1.0
WATERLOO,1630640760000,2.0,,2.0,48.27586,-122.6804,Island,US-WA,Human,,,,,,,,3.1,0.38,1.0
DEEP CREEK,1496694554000,2.0,,2.65,46.65344,-123.1147,Lewis,US-WA,Human,,,,,,,,6.3,0.2,1.0
SMITHSON ROAD,1594411146000,2.0,,2.0,47.11011,-120.6553,Kittitas,US-WA,Unknown,,,,,,,,3.5,0.66,1.0
HORNE,1553117128000,2.0,,0.75,45.74437,-122.4239,Clark,US-WA,Human,,,,,,,,10.4,0.13,1.0
NELSON ROAD,1627070700000,2.0,,11.0,47.19522,-121.054,Kittitas,US-WA,Undetermined,,,,,,,,11.4,0.04,1.0
Coldwater,1440711060000,2.0,,2.0,46.294399,-122.253403,Cowlitz,US-WA,Human,,,,,,,,16.8,0.74,1.0
EAST JOHNS,1532573100000,2.0,,1.0,47.24589,-123.0986,Mason,US-WA,Unknown,,,,,,,,1.9,0.14,1.0
COOKE CANYON,1527359640000,2.0,,2.0,47.109,-120.3647,Kittitas,US-WA,Human,,,,,,,,11.1,0.64,1.0
FS Cascadia,1505682000000,2.0,,2.0,48.5276,-121.3922,Skagit,US-WA,Human,,,,,,,,31.1,0.59,1.0
WALKWAY,1656188977000,2.0,,2.0,46.62896,-120.5617,Yakima,US-WA,Undetermined,,,,,,,,8.5,0.13,1.0
TAMARACK PEAK,1661560635000,2.0,,2.0,48.77494,-120.7334,Whatcom,US-WA,Undetermined,,,,,,,,37.6,1.36,1.0
Lake Toketie,1661462640000,2.0,,759.0,48.33044,-121.295,Skagit,US-WA,Natural,Minimal,Type 5 Incident,,,10000.0,10000.0,0.0,59.4,3.65,1.0
KING ,1557188163000,2.0,,5.7,46.53422,-123.0279,Lewis,US-WA,Natural,,,,,,,,14.3,0.27,1.0
CASCADE CANAL,1563576295000,2.0,,3.0,47.04788,-120.6491,Kittitas,US-WA,Unknown,,,,,,,,1.2,0.13,1.0
GRAPEVIEW RD,1599562800000,2.0,,2.0,47.32169,-122.8473,Mason,US-WA,Human,,,,,,,,4.9,0.04,1.0
GRIFFITH,1529619578000,2.0,,2.2,45.88283,-122.7182,Clark,US-WA,Human,,,,,,,,10.4,0.09,1.0
MILE MARKER 2,1534631280000,2.0,,7.5,47.27512,-123.1547,Mason,US-WA,Unknown,,,,,,,,3.4,0.46,1.0
GIBBONS CREEK,1460939727000,2.0,,2.0,47.58533,-123.24,Mason,US-WA,Human,,,,,,,,46.8,0.09,1.0
JOHN WAYNE TRAIL,1473976689000,2.0,,1.5,47.21779,-121.1321,Kittitas,US-WA,Human,,,,,,,,2.1,0.07,1.0
WEST 50TH AVE,1441753200000,2.0,,2.0,45.792702,-122.624802,Clark,US-WA,Human,,,,,,,,1.7,0.06,1.0
30 NORTH,1659906230000,2.0,,2.0,46.00919,-122.8454,Cowlitz,US-WA,Human,,,,,,,,7.1,0.02,1.0
PURPLE HAZE ,1599624734000,2.0,,2.0,46.06207,-122.2558,Cowlitz,US-WA,Unknown,,,,,,,,11.9,0.84,1.0
LOOWIT,1531693382000,2.0,,5.0,46.07665,-122.0072,Skamania,US-WA,Human,,,,,,,,14.3,0.45,1.0
Manastash Creek,1460063585000,2.0,,2.0,47.001099,-120.5495,Kittitas,US-WA,Human,,,,,,,,1.5,0.05,1.0
SOUTH SHORE,1467590640000,2.0,,3.29,47.52828,-123.7257,Jefferson,US-WA,Human,,,,,,,,26.4,0.8,1.0
ROCKPORT YARD,1586807173000,2.0,,1.0,48.5083,-121.4731,Skagit,US-WA,Human,,,,,,,,1.3,0.21,1.0
368TH ST,1556676764000,2.0,,12.0,46.92489,-122.5101,Pierce,US-WA,Unknown,,,,,,,,3.2,0.1,1.0
BIG ROCK SJI,1536184680000,2.0,,2.0,48.54097,-123.0859,San Juan,US-WA,Human,,,,,,,,3.9,0.22,1.0
SPRINGWATER,1618446600000,2.0,,5.0,46.82601,-122.2614,Pierce,US-WA,Unknown,,,,,,,,6.1,0.13,1.0
304TH STREET,1598290200000,2.0,,4.0,46.97586,-122.4052,Pierce,US-WA,Unknown,,,,,,,,2.5,0.27,1.0
SHOOTER HILL,1527996600000,2.0,,2.0,47.36805,-123.2797,Mason,US-WA,Human,,,,,,,,11.3,0.01,1.0
HARSTINE ISLAND,1533080700000,2.0,,19.7,47.22125,-122.8756,Mason,US-WA,Unknown,,,,,,,,2.6,0.45,1.0
BURNOUT ROAD,1501634820000,2.0,,48.0,48.66676,-122.4755,Skagit,US-WA,Undetermined,,,,,,,,26.6,0.18,1.0
MISSION CREEK,1624229160000,2.0,,16.0,47.47255,-120.4857,Chelan,US-WA,Undetermined,,,TU2,Timber,,,,24.6,0.38,1.0
CLEAR CREEK,1554089273000,2.0,,2.5,48.2523,-121.6013,Snohomish,US-WA,Human,,,,,,,,2.6,0.1,1.0
RAINBOW LANE,1532441040000,2.0,,1.3,47.40551,-123.1811,Mason,US-WA,Unknown,,,,,,,,4.6,0.02,1.0
YALE VIEW,1462134270000,2.0,,3.9,45.96412,-122.2896,Clark,US-WA,Human,,,,,,,,28.2,0.39,1.0
TOE JAM,1668889629000,2.0,,2.0,46.54293,-122.0462,Lewis,US-WA,Human,,,,,,,,22.1,0.32,1.0
SHEEP COMPANY,1663656984000,2.0,,17.8,46.75332,-120.5402,Yakima,US-WA,Undetermined,,,,,,,,7.3,0.81,1.0
Miller,1439413743000,2.0,,40.0,47.6539,-121.379601,King,US-WA,Undetermined,,,,,,,,47.0,0.59,1.0
GOODE,1438211458000,2.0,,613.0,48.7632,-120.7136,Chelan,US-WA,Undetermined,,Type 4 Incident,,,400000.0,,100.0,30.9,0.3,1.0
COSMOS - FINAL,1529572163000,2.0,,9.8,46.49613,-122.1888,Lewis,US-WA,Human,,,,,,,,7.9,0.02,1.0
KETRON ISLAND,1534012380000,2.0,,1.75,47.15627,-122.6341,Pierce,US-WA,Human,,,,,,,,0.0,0.04,1.0
MILE POST 41,1530570131000,2.0,,1.7,46.59855,-123.1485,Lewis,US-WA,Human,,,,,,,,6.1,0.27,1.0
72ND ST,1558568100000,2.0,,2.0,46.95937,-122.5251,Pierce,US-WA,Unknown,,,,,,,,1.7,0.01,1.0
SPROMBERG,1495569600000,2.0,,34.0,47.65004,-120.643,Chelan,US-WA,Undetermined,Minimal,Type 3 Incident,,,400000.0,,99.0,22.7,0.09,1.0
SNOWDEN,1570655932000,2.0,,1.61,45.74599,-121.3111,Klickitat,US-WA,Unknown,,,,,,,,9.2,,1.0
WHEELER,1533524040000,2.0,,2.0,48.23753,-121.9024,Snohomish,US-WA,Unknown,,,,,,,,25.7,0.12,1.0
BONNEY LANE,1438368690000,2.0,,2.0,46.9901,-122.9166,Thurston,US-WA,Human,,,,,,,,0.9,0.03,1.0
HAYWIRE RIDGE,1557850980000,2.0,,2.0,47.91478,-121.7779,Snohomish,US-WA,Human,,,,,,,,6.0,0.1,1.0
KNOX CREEK,1660236057000,2.0,,0.75,47.35557,-121.2042,Kittitas,US-WA,Natural,,,,,,,,28.9,0.39,1.0
VANTAGE HIGHWAY,1582923930000,2.0,,2.0,46.99909,-120.3564,Kittitas,US-WA,Unknown,,,,,,,,3.1,0.09,1.0
PNE 20,1528121334000,2.0,,2.4,46.59986,-123.5795,Pacific,US-WA,Human,,,,,,,,9.7,1.54,1.0
KOONTZ RD PILES,1491343484000,2.0,,2.0,46.56144,-122.8606,Lewis,US-WA,Human,,,,,,,,2.1,0.05,1.0
A-400,1438722960000,2.0,,1.0,46.959099,-123.585701,Grays Harbor,US-WA,Undetermined,,,,,,,,10.3,0.34,1.0
STANWOOD BRYANT,1586990486000,2.0,,90.0,48.2384,-122.1626,Snohomish,US-WA,Human,,,,,,,,2.0,0.02,1.0
NUMBER TWO CANYON,1526502600000,2.0,,3.4,47.36924,-120.4428,Chelan,US-WA,Human,,,,,,,,19.2,0.41,1.0
MADRONA BLUFF,1561944600000,2.0,,4.0,47.10051,-122.6783,Pierce,US-WA,Unknown,,,,,,,,7.8,0.22,1.0
Johnson Mountain,1532827546000,2.0,,2.0,47.99661,-121.1782,Snohomish,US-WA,Natural,Minimal,Type 5 Incident,,,1000.0,,0.0,34.7,0.35,1.0
HWY 101,1530246977000,2.0,,2.0,47.17209,-123.0961,Mason,US-WA,Unknown,,,,,,,,2.9,0.12,1.0
WINFIELD,1532463176000,2.0,,1.5,46.27815,-122.8917,Cowlitz,US-WA,Human,,,,,,,,6.8,0.1,1.0
STARTUP,1586820562000,2.0,,2.0,47.8596,-121.7306,Snohomish,US-WA,Human,,,,,,,,1.5,0.35,1.0
DOUGS BEACH,1525974900000,2.0,,2.0,45.65846,-121.202,Klickitat,US-WA,Unknown,,,,,,,,11.5,0.39,1.0
PIONEER,1439153570000,2.0,,4.0,46.367199,-124.036697,Pacific,US-WA,Human,,,,,,,,1.4,0.09,1.0
EAGLE,1500813293000,2.0,,2.0,46.80484,-120.919,Yakima,US-WA,Human,,,,,,,,22.2,0.08,1.0
Homestead,1627586640000,2.0,,1.5,47.41942,-121.6102,King,US-WA,Human,,,TL3,Timber,,,,31.6,0.08,1.0
TROUT LAKE,1536343440000,2.0,,2.0,47.49318,-120.9345,Chelan,US-WA,Unknown,,,,,,,,41.1,1.97,1.0
Chumstick,1462747260000,2.0,,3.2,47.70495,-120.637,Chelan,US-WA,Undetermined,,,,,,,,22.5,0.31,1.0
TANGLEWILDE,1438818498000,2.0,,4.0,47.046398,-122.8228,Thurston,US-WA,Undetermined,,,,,,,,2.3,0.06,1.0
CABIN,1439418060000,2.0,,10.0,47.6382,-123.0971,Jefferson,US-WA,Natural,,,,,,,,58.4,0.72,1.0
GISH,1439154600000,2.0,,106.3,46.5783,-122.710701,Lewis,US-WA,Undetermined,,Type 3 Incident,,,607000.0,,100.0,1.8,0.32,1.0
PLEASANT VALLEY NW,1627594471000,2.0,,3.5,48.5539,-123.1573,San Juan,US-WA,Human,,,,,,,,7.9,0.31,1.0
GALAXY,1663625690000,2.0,,2.0,47.86792,-121.9751,Snohomish,US-WA,Human,,,,,,,,6.6,0.04,1.0
HWY 104,1533930280000,2.0,,2.0,47.97111,-122.7749,Jefferson,US-WA,Unknown,,,,,,,,7.6,0.08,1.0
DEE CREEK,1506542491000,2.0,,2.2,45.98991,-122.6621,Cowlitz,US-WA,Human,,,,,,,,11.6,0.38,1.0
Powerline,1436127720000,2.0,,1.8,47.4743,-121.707,King,US-WA,Human,,,,,5376.0,,100.0,8.9,0.09,1.0
QUARRY,1533527978000,2.0,,10.0,48.10403,-121.9694,Snohomish,US-WA,Human,,,,,,,,7.4,0.27,1.0
7320,1532818660000,2.0,,2.0,46.68467,-123.4781,Pacific,US-WA,Unknown,,,,,,,,10.9,0.38,1.0
I-90 Oaks,1439154120000,2.0,,3.9,47.183102,-121.0215,Kittitas,US-WA,Undetermined,,,,,,,,6.5,0.03,1.0
Sore Thumb,1597682400000,2.0,,2.0,47.98874,-123.9373,Clallam,US-WA,Natural,,,TL1,Timber,,,,38.4,0.48,1.0
C8270,1472536628000,2.0,,7.4,46.98373,-123.119,Thurston,US-WA,Undetermined,,,,,,,,25.3,0.12,1.0
RED BUTTE,1589141058000,2.0,,4.73,46.06659,-121.3752,Yakima,US-WA,Unknown,,,,,,,,10.2,0.36,1.0
CASCADIA,1505685120000,2.0,,4.15,48.52627,-121.3932,Skagit,US-WA,Human,,,,,,,,27.0,0.43,1.0
Halverson,1467607068000,2.0,,0.33,47.33998,-120.3338,Chelan,US-WA,Human,,,,,,,,16.9,0.07,1.0
Boulder Lake,1661386800000,2.0,,2428.0,48.19115,-121.6294,Skagit,US-WA,Natural,Minimal,Type 5 Incident,,,118800.0,117000.0,0.0,40.8,0.65,1.0
Charlie Canyon,1471467993000,2.0,,,46.03362,-120.6038,Klickitat,US-WA,Undetermined,,,,,,,,20.2,0.57,1.0
BROTHERHOOD,1587162300000,2.0,,8.0,48.18,-122.11,Skagit,US-WA,Human,,,,,,,,6.1,0.3,1.0
BRISTOL,1503173083000,2.0,,2.69,45.74631,-121.4352,Klickitat,US-WA,Undetermined,,,,,,,,5.4,0.21,1.0
VIOLET PLANTATION,1498952940000,2.0,,6.0,46.833,-122.9371,Thurston,US-WA,Human,,,,,,,,2.8,0.1,1.0
MORSE ROAD,1600079063000,2.0,,6.0,45.76001,-121.1237,Klickitat,US-WA,Unknown,,,,,,,,3.4,0.63,1.0
WANTLAND ROAD,1464740004000,2.0,,1.5,45.6132,-122.1756,Skamania,US-WA,Human,,,,,,,,14.7,0.05,1.0
DECKERVILLE FARM,1595801070000,2.0,,2.75,47.23505,-123.4645,Mason,US-WA,Unknown,,,,,,,,2.3,0.36,1.0
EVERGREEN ,1572389748000,2.0,,2.0,47.001544,-123.541098,Grays Harbor,US-WA,Human,,,,,,,,7.8,0.15,1.0
NORTH MAPLE ,1553126454000,2.0,,23.8,46.10746,-122.8481,Cowlitz,US-WA,Human,,,,,,,,10.5,0.06,1.0
QUARTZ CREEK,1660077199000,2.0,,2.0,46.21098,-121.6853,Skamania,US-WA,Natural,,,,,,,,13.4,0.64,1.0
IRON WEST,1536391621000,2.0,,16.0,47.33935,-120.694,Kittitas,US-WA,Natural,Minimal,Type 3 Incident,,,100000.0,,90.0,19.0,0.5,1.0
SELAH CREEK,1527022241000,2.0,,3.0,46.76202,-120.3795,Yakima,US-WA,Human,,,,,,,,9.4,0.14,1.0
CASE,1627341897000,2.0,,2.0,46.82749,-123.0018,Thurston,US-WA,Undetermined,,,,,,,,2.0,0.01,1.0
82 MILE POST 11,1500069172000,2.0,,5.0,46.97741,-120.508,Kittitas,US-WA,Undetermined,,,,,,,,1.2,0.75,1.0
COLVIN CREEK,1437332160000,2.0,,110.0,45.959999,-122.544998,Cowlitz,US-WA,Human,,,,,1571208.0,,100.0,21.1,0.95,1.0
BOZY CREEK,1596186000000,2.0,,3.5,47.04559,-123.1881,Thurston,US-WA,Unknown,,,,,,,,19.3,0.11,1.0
LIVINGSTON QUARRY,1438317240000,2.0,,4.0,45.672298,-122.403099,Clark,US-WA,Undetermined,,,,,,,,14.7,0.22,1.0
LAWTON,1560968416000,2.0,,4.5,46.83357,-122.9876,Thurston,US-WA,Unknown,,,,,,,,1.0,0.09,1.0
GREEN MOUNTAIN,1679248800000,2.0,,2.0,46.50162,-122.4022,Lewis,US-WA,Human,,,,,,,,13.3,0.19,1.0
HAMMA HAMMA,1680202389000,2.0,,2.0,47.561667,-123.016667,Mason,US-WA,Human,,,,,,,,6.5,0.31,1.0
FINCH CREEK,1684274473000,2.0,,2.0,47.41042,-123.1543,Mason,US-WA,Human,,,,,,,,8.5,0.14,1.0
BOBS MOUNTAIN,1685994339000,2.0,,4.33,45.65182,-122.1695,Skamania,US-WA,Human,,,,,,,,24.2,0.17,1.0
BURNT BRIDGE,1686002039000,2.0,,2.0,45.63688,-122.5852,Clark,US-WA,Human,,,,,,,,2.5,0.01,1.0
WILSON,1686599988000,2.0,,2.0,47.04193,-123.0611,Thurston,US-WA,Human,,,,,,,,16.7,0.15,1.0
HOLLOW POINT,1687567686000,2.0,,2.0,47.28431,-123.0515,Mason,US-WA,Human,,,,,,,,2.0,0.0,1.0
MONKEY HILL,1687738586000,2.0,,2.0,48.35751,-122.6302,Island,US-WA,Undetermined,,,,,,,,4.7,0.09,1.0
IKE,1688359405000,2.0,,2.0,46.54683,-122.4869,Lewis,US-WA,Human,,,,,,,,7.7,0.03,1.0
40TH AVE,1689281389000,2.0,,2.0,46.93352,-122.4837,Pierce,US-WA,Human,,,,,,,,2.0,0.08,1.0
MOUNTAIN LOOP,1689549900000,2.0,,14.0,48.11329,-121.8856,Snohomish,US-WA,Human,,,,,,,,10.0,0.29,1.0
JOHN SAM,1690039297000,2.0,,2.0,48.10934,-122.24,Snohomish,US-WA,Undetermined,,,,,,,,2.8,0.0,1.0
ELK MEADOW,1690566934000,2.0,,1.0,47.120304,-120.8004,Kittitas,US-WA,Human,,,,,,,,7.8,0.08,1.0
NS - 198,1690848381000,2.0,,2.0,46.56437,-121.7149,Lewis,US-WA,Undetermined,,,,,,,,22.0,0.24,1.0
HARRISON CREEK,1691396400000,2.0,,2.0,45.871299,-120.52562,Klickitat,US-WA,Natural,,,,,,,,9.5,1.17,1.0
SKULL SPRINGS,1692043440000,2.0,,2.0,47.14779,-120.84623,Kittitas,US-WA,Human,,,,,,,,12.7,,1.0
Huckleberry Flats,1692498360000,2.0,,145.0,48.276167,-121.403667,Snohomish,US-WA,Human,Minimal,Type 4 Incident,,,90000.0,1000000.0,100.0,13.8,0.93,1.0
KINGS CREEK,1692501540000,2.0,,0.98,45.79491,-122.338,Clark,US-WA,Human,,,,,,,,9.9,0.08,1.0
LORDS LAKE,1692723540000,2.0,,6.0,47.85729,-122.9328,Jefferson,US-WA,Human,,,,,,,,13.7,0.03,1.0
ADAMS FORK,1693009740000,2.0,,9.0,46.330556,-121.654833,Skamania,US-WA,Natural,,,,,,,0.0,28.6,0.91,1.0
MISSION,1693007199000,2.0,,22.0,46.47701,-121.59471,Lewis,US-WA,Natural,,,,,,3000000.0,100.0,36.0,1.64,1.0
HELEN,1693177733000,2.0,,12.0,46.905338,-120.496658,Kittitas,US-WA,Undetermined,,,,,,,,16.0,0.1,1.0
POTHOLE,1692989278000,2.0,,5.0,46.7049,-121.9196,Lewis,US-WA,Natural,,,,,,,0.0,34.0,0.4,1.0
DURR,1693553974000,2.0,,2.0,46.52842,-120.84907,Kittitas,US-WA,Undetermined,,,,,,,,6.5,0.51,1.0
CUSHMAN 2,1694121649000,2.0,,2.0,47.10396,-122.8896,Thurston,US-WA,Human,,,,,,,,4.0,0.03,1.0
OA - GOODWIN,1694386562000,2.0,,2.0,47.068935,-120.704842,Kittitas,US-WA,Human,,,,,,,,2.5,0.09,1.0
LAST CHANCE,1698705528000,2.0,,3.3,45.69972,-122.2269,Skamania,US-WA,Human,,,,,,,,16.2,0.28,1.0
NORRIS ROAD,1713223970000,2.0,,2.0,48.022073,-123.149654,Clallam,US-WA,Human,,,,,,,,12.6,0.16,1.0
BUMPY FLATS,1719955380000,2.0,,2.0,47.18284,-120.418631,Kittitas,US-WA,Human,,,,,,,,7.9,0.25,1.0
UNCLE SAM,1720156860000,2.0,,2.0,46.329926,-124.064162,Pacific,US-WA,Human,,,,,,,,0.7,0.29,1.0
LEFTHAND FORK,1720296180000,2.0,,8.5,46.748389,-120.796366,Yakima,US-WA,Human,,,,,,,,21.9,0.1,1.0
SPLIT HILLS,1720872067000,2.0,,2.3,48.05687,-123.4677,Clallam,US-WA,Human,,,,,,,,21.2,0.09,1.0
VANCE PARK,1720904225000,2.0,,2.9,46.996264,-123.414133,Grays Harbor,US-WA,Human,,,,,,,,0.9,0.03,1.0
PIONEER TRAIL,1720898402000,2.0,,2.0,47.080437,-120.655682,Kittitas,US-WA,Human,,,,,,,,8.3,0.3,1.0
RETREAT,1721774760000,2.0,,45601.0,46.64338,-121.18112,Yakima,US-WA,Human,Minimal,,,,25029000.0,25000000.0,95.0,22.7,0.07,1.0
FLAT CREEK,1722625080000,2.0,,42.74,48.398667,-120.969833,Chelan,US-WA,Natural,Minimal,,,,95000.0,1000000.0,1.0,59.4,1.91,1.0
WHALES,1722724026000,2.0,,2.0,45.886641,-122.76841,Cowlitz,US-WA,Undetermined,,,,,,,,0.5,0.02,1.0
HUFFAKER,1723337160000,2.0,,0.25,46.509326,-122.035461,Lewis,US-WA,Undetermined,,,,,,,,2.6,0.97,1.0
LOKI,1723385440000,2.0,,2.0,47.031867,-123.15335,Thurston,US-WA,Human,,,,,,,,20.0,,1.0
LODGEPOLE,1723502220000,2.0,,39.0,46.914367,-121.393867,Yakima,US-WA,Natural,Minimal,,,,1102000.0,5000000.0,100.0,34.7,0.53,1.0
WYNNIE,1725899460000,2.0,,12.3,47.58923,-120.420793,Chelan,US-WA,Human,,,,,,,,22.9,0.1,1.0
TANEUM CREEK,1726026900000,2.0,,2.5,47.09466,-120.82726,Kittitas,US-WA,Human,,,,,,,,24.1,0.3,1.0
RX EDEN VALLEY & FLUTTERBY,1730825645000,2.0,,2.0,48.10801,-123.615893,Clallam,US-WA,Undetermined,,,,,,,,21.2,0.48,1.0
PACIFIC PINES,1739464200000,2.0,,2.0,46.48166,-124.058009,Pacific,US-WA,Human,,,,,,,,1.2,0.14,1.0
DERBY,1745020080000,2.0,,4.0,47.5902,-120.575337,Chelan,US-WA,Human,,,,,,,,25.9,0.25,1.0
SHEEP CANYON,1745874741000,2.0,,1.0,45.949317,-121.082862,Klickitat,US-WA,Human,,,,,,,,8.9,0.3,1.0
OCEAN BEACH RD,1747083360000,2.0,,2.0,47.151351,-124.097663,Grays Harbor,US-WA,Undetermined,,,,,,,,1.4,0.42,1.0
SARG HUBBARD,1748832784000,2.0,,2.0,46.599532,-120.477659,Yakima,US-WA,Undetermined,,,,,,,,0.8,0.05,1.0
PETERS,1749597480000,2.0,,11.34,46.517244,-121.978331,Lewis,US-WA,Human,,,,,,,,2.6,0.14,1.0
MENZEL,1751404260000,2.0,,2.0,48.054218,-121.925433,Snohomish,US-WA,Human,,,,,,,,6.3,0.05,1.0
SUNNY SLOPE,1751685840000,2.0,,2.0,47.477396,-122.734586,Kitsap,US-WA,Human,,,,,,,,2.4,0.36,1.0
QUARRY,1751748720000,2.0,,3.8,47.0,-123.117967,Mason,US-WA,Human,,,,,,,,23.3,0.36,1.0
WIEHL RIDGE,1752284217000,2.0,,2.7,47.182075,-120.82524,Kittitas,US-WA,Human,,,,,,,,7.2,0.18,1.0
LAKE RD,1752381000000,2.0,,2.0,45.70035,-122.733092,Clark,US-WA,Human,,,,,,,,1.0,0.25,1.0
DISCOVERY,1752798060000,2.0,,2.0,48.10395,-123.7162,Clallam,US-WA,Human,,,,,,,,29.8,0.19,1.0
CORELESS,1752872580000,2.0,,9.4,46.998119,-122.24873,Pierce,US-WA,Human,,,,,,,,1.5,0.05,1.0
COUGAR,1753014900000,2.0,,1.2,46.62255,-121.70605,Lewis,US-WA,Human,,,,,,,,17.8,0.58,1.0
6TH AVE,1753128780000,2.0,,12.0,48.169443,-122.190414,Snohomish,US-WA,Human,,,,,,,,2.3,0.03,1.0
EAST PRONG,1753656480000,2.0,,2.35,45.889553,-120.729025,Klickitat,US-WA,Human,,,,,,,,5.3,0.14,1.0
SIOUXON CREEK,1753829700000,2.0,,1.43,45.93389,-122.359823,Skamania,US-WA,Human,,,,,,,,17.8,0.06,1.0
FD ASSIST SILVER LAKE ROAD,1754940089000,2.0,,2.0,48.942361,-122.074245,Whatcom,US-WA,Undetermined,,,,,,,,17.6,0.04,1.0
OAKLAND,1754949169000,2.0,,3.0,46.722537,-122.99343,Lewis,US-WA,Human,,,,,,,,0.7,0.01,1.0
EDGAR,1755818340000,2.0,,2.17,45.937278,-122.691044,Clark,US-WA,Human,,,,,,,,6.2,0.52,1.0
MISSION RIDGE,1756730400000,2.0,,9.0,47.30157,-120.46017,Chelan,US-WA,Natural,,,,,,,,26.3,0.74,1.0
GUS SPRING,1756957017000,2.0,,3.85,46.784,-120.445,Kittitas,US-WA,Human,,,,,,,,17.0,0.22,1.0
RENEGADE,1775255580000,2.0,,2.0,46.499062,-120.460196,Yakima,US-WA,Undetermined,,,,,,,,0.9,0.31,1.0
S BANKS RD,1471737148000,1.9,,1.9,46.85901,-123.2769,Grays Harbor,US-WA,Undetermined,,,,,,,,0.8,0.17,1.0
WYNOOCHEE RD,1618607532000,1.9,,4.0,47.02068,-123.6816,Grays Harbor,US-WA,Human,,,,,,,,8.3,0.24,1.0
BIGLER,1685580486000,1.9,,1.0,48.03419,-124.1522,Clallam,US-WA,Human,,,,,,,,11.5,0.34,1.0
CALIFORNIA ROAD,1688078470000,1.86,,1.86,47.28625,-123.2145,Mason,US-WA,Human,,,,,,,,2.3,0.1,1.0
HORSE PARK,1748719500000,1.86,,1.86,47.2024,-120.9818,Kittitas,US-WA,Human,,,,,,,,2.6,0.24,1.0
NISQUALLY,1594500469000,1.8,,1.8,47.07587,-122.6922,Pierce,US-WA,Unknown,,,,,,,,5.9,0.17,1.0
PECAN,1659227351000,1.8,,1.8,46.80612,-123.0365,Thurston,US-WA,Human,,,,,,,,0.8,0.04,1.0
534,1662425156000,1.75,,1.75,48.34116,-122.3149,Skagit,US-WA,Undetermined,,,,,,,,5.2,0.05,1.0
DUCK CREEK ,1586743824000,1.6,,1.5,46.24878,-123.3427,Wahkiakum,US-WA,Unknown,,,,,,,,10.7,1.33,1.0
LONE TREE,1499565600000,1.6,,2.6,47.81061,-122.807,Mason,US-WA,Human,,,,,,,,0.0,1.19,1.0
CARLISLE LAKE,1751824636000,1.6,,1.6,47.151351,-124.097663,Grays Harbor,US-WA,Human,,,,,,,,1.4,0.42,1.0
ERSKINE,1751926740000,1.6,,1.6,46.894143,-123.00504,Thurston,US-WA,Human,,,,,,,,2.6,0.04,1.0
NAKIA CREEK,1665355500000,1.5,,1918.0,45.70132,-122.2803,Clark,US-WA,Undetermined,Minimal,Type 4 Incident,,,800000000.0,,80.0,27.3,0.12,1.0
HOFFMAN ROAD,1628721792000,1.5,,2.1,48.33278,-122.6302,Island,US-WA,Human,,,,,,,,3.7,0.03,1.0
TOWER ROAD,1473881974000,1.5,,1.8,46.38024,-122.7722,Cowlitz,US-WA,Human,,,,,,,,3.1,0.36,1.0
MINERAL HEIGHTS,1503800983000,1.5,,1.5,46.56997,-122.2665,Lewis,US-WA,Human,,,,,,,,9.4,0.18,1.0
HWY 508,1572378486000,1.5,,1.5,46.60255,-122.4445,Lewis,US-WA,Human,,,,,,,,24.7,0.2,1.0
RIVER,1437453551000,1.5,,0.5,46.249001,-122.892998,Cowlitz,US-WA,Undetermined,,,,,,,,3.6,0.25,1.0
MORSE CREEK,1659219780000,1.5,,21.25,46.91902,-121.4666,Yakima,US-WA,Undetermined,,,,,,2000000.0,,39.7,0.42,1.0
LITTLE FIELD,1586819065000,1.5,,1.5,45.91544,-122.6228,Clark,US-WA,Human,,,,,,,,8.4,0.09,1.0
FALLING WATER,1503690309000,1.5,,1.47,47.14236,-122.1875,Pierce,US-WA,Human,,,,,,,,5.9,0.07,1.0
CALIFORNIA ROAD,1659233564000,1.5,,1.5,47.280147,-123.153661,Mason,US-WA,Human,,,,,,,,3.7,0.06,1.0
SOUTH SLOPE,1536159600000,1.5,,2.0,47.33518,-123.3204,Mason,US-WA,Unknown,,,,,,,,22.8,0.35,1.0
Barneys,1435873260000,1.5,,1.5,47.5131,-122.7726,Kitsap,US-WA,Human,,,,,,,,5.7,0.38,1.0
WEST WHITE,1528164000000,1.5,,2.5,47.17939,-123.1499,Mason,US-WA,Unknown,,,,,,,,6.5,0.23,1.0
F AND S,1660516299000,1.5,,1.5,48.5363,-122.3016,Skagit,US-WA,Undetermined,,,,,,,,11.4,0.14,1.0
CINEBAR CREEK,1647120360000,1.5,,1.5,46.5974,-122.4995,Lewis,US-WA,Undetermined,,,,,,,,8.3,0.08,1.0
GREENWOOD,1438473240000,1.5,,1.5,46.017899,-122.731201,Cowlitz,US-WA,Human,,,,,,,,17.7,0.1,1.0
RATTLESNAKE CREEK ,1539970552000,1.5,,0.75,45.8187,-121.4558,Klickitat,US-WA,Human,,,,,,,,18.7,0.32,1.0
Flower ,1534554593000,1.5,,150.0,48.1553,-120.9852,Snohomish,US-WA,Natural,Minimal,Type 5 Incident,,,2500.0,,0.0,38.4,1.09,1.0
WILCOX,1532307420000,1.5,,1.5,46.88697,-122.4758,Pierce,US-WA,Unknown,,,,,,,,3.6,0.1,1.0
LOOP HILL,1539982380000,1.5,,1.5,47.81041,-120.6832,Chelan,US-WA,Unknown,,,,,,,,9.5,0.31,1.0
TRACTOR 161,1440706387000,1.5,,0.5,46.9436,-122.280701,Pierce,US-WA,Human,,,,,,,,6.1,0.04,1.0
Ahtanum Ridge 2,1440539827000,1.5,,3.5,46.5581,-120.5341,Yakima,US-WA,Undetermined,,,,,,,,0.9,0.15,1.0
ABERNATHY,1629062630000,1.5,,0.84,46.24638,-123.1615,Cowlitz,US-WA,Undetermined,,,,,,,,9.8,0.05,1.0
